chembl_id,pharm_tanimoto,pharm_recall,n_bits,shape_tanimoto,o3a_score,planarity,heavy_atoms,aromatic_rings,fused_rings,name,shape_tanimoto_r,pharm_tanimoto_r,pharm_recall_r,consensus
CHEMBL585,0.1074,0.5481,628,0.6336,105.16,0.502,19,3,1,TRIAMTERENE,0.9762470308788599,0.8717339667458432,0.9928741092636579,0.949
CHEMBL550495,0.15,0.2,72,0.6771,111.15,0.135,24,3,2,METHYLENE BLUE,0.997624703087886,0.9857482185273159,0.669833729216152,0.9121
CHEMBL1398126,0.0829,0.3481,479,0.6711,,0.013,18,1,0,AMILORIDE HYDROCHLORIDE,0.9928741092636579,0.7814726840855107,0.8788598574821853,0.901
CHEMBL65375,0.1406,0.2667,157,0.5921,,0.542,17,1,0,TIPIRACIL HYDROCHLORIDE,0.9097387173396675,0.9762470308788599,0.7779097387173397,0.8967
CHEMBL184,0.083,0.3556,491,0.6217,104.65,0.359,16,2,1,ACYCLOVIR,0.9691211401425178,0.7862232779097387,0.8919239904988123,0.895
CHEMBL802,0.0841,0.3185,419,0.6459,84.37,0.397,15,1,0,MINOXIDIL,0.9833729216152018,0.7933491686460807,0.8432304038004751,0.8913
CHEMBL2106829,0.1522,0.2074,77,0.6054,,0.743,20,3,1,METHAQUALONE HYDROCHLORIDE,0.9358669833729216,0.9928741092636579,0.6876484560570071,0.8909
CHEMBL53292,0.0863,0.3556,469,0.6123,101.79,0.502,23,2,1,ISOXICAM,0.9501187648456056,0.8004750593824228,0.8919239904988123,0.8907
CHEMBL6068337,0.1093,0.2963,271,0.6042,,0.72,21,1,1,LENALIDOMIDE HYDROCHLORIDE MONOHYDRATE,0.9334916864608076,0.8836104513064132,0.8171021377672208,0.8894
CHEMBL1763,0.139,0.3037,201,0.5729,98.48,0.673,20,1,1,HYDROFLUMETHIAZIDE,0.8598574821852731,0.9738717339667459,0.830166270783848,0.8866
CHEMBL19236,0.0879,0.2593,298,0.6707,105.58,0.366,16,1,0,MOXONIDINE,0.9904988123515439,0.8147268408551069,0.7624703087885986,0.8808
CHEMBL93,0.151,0.2148,86,0.5862,101.02,0.962,16,2,1,ZILEUTON,0.8931116389548693,0.9904988123515439,0.7019002375296912,0.8745
CHEMBL110,0.1222,0.2,113,0.6085,91.27,0.533,19,2,0,BENZNIDAZOLE,0.9453681710213777,0.9228028503562945,0.669833729216152,0.8697
CHEMBL20,0.1309,0.2889,202,0.5693,90.98,0.497,13,1,0,ACETAZOLAMIDE,0.8432304038004751,0.9477434679334917,0.8052256532066508,0.8651
CHEMBL1483,0.1734,0.3481,183,0.5443,108.73,0.452,18,2,1,ALBENDAZOLE,0.7624703087885986,0.997624703087886,0.8788598574821853,0.8621
CHEMBL715,0.1041,0.3926,427,0.5638,98.5,0.657,22,2,2,OLANZAPINE,0.8242280285035629,0.8646080760095012,0.9239904988123515,0.8613
CHEMBL1475,0.1173,0.1704,84,0.6299,91.79,0.0,17,3,2,TRIOXSALEN,0.9726840855106889,0.9049881235154394,0.5890736342042755,0.8565
CHEMBL2105675,0.087,0.2667,315,0.6037,115.46,0.627,33,3,1,TAFAMIDIS MEGLUMINE,0.9311163895486936,0.8064133016627079,0.7779097387173397,0.8554
CHEMBL57,0.1495,0.4519,334,0.5278,96.32,0.788,20,2,2,NEVIRAPINE,0.6959619952494062,0.9833729216152018,0.9703087885985748,0.8508
CHEMBL885,0.0662,0.3111,541,0.6299,99.69,0.503,16,1,0,EMTRICITABINE,0.9726840855106889,0.6413301662707839,0.8396674584323041,0.84
CHEMBL594,0.1039,0.2148,173,0.5814,112.64,0.728,22,2,1,EMEDASTINE,0.8859857482185273,0.8586698337292161,0.7019002375296912,0.8318
CHEMBL550348,0.0989,0.4519,543,0.5373,108.44,0.584,28,4,0,DEFERASIROX,0.7363420427553444,0.8515439429928741,0.9703087885985748,0.8294
CHEMBL1201266,0.1255,0.237,152,0.5594,96.14,0.0,21,1,0,LODOXAMIDE,0.8099762470308789,0.9358669833729216,0.7363420427553444,0.8293
CHEMBL746,0.1077,0.2074,153,0.574,114.0,0.64,27,3,2,NEDOCROMIL,0.8669833729216152,0.8752969121140143,0.6876484560570071,0.8246
CHEMBL750,0.2209,0.2815,75,0.5351,91.05,0.553,14,2,1,ZONISAMIDE,0.7220902612826603,1.0,0.7980997624703088,0.8245
CHEMBL476,0.1216,0.2963,234,0.5436,90.57,0.147,13,1,0,DACARBAZINE,0.7577197149643705,0.9180522565320665,0.8171021377672208,0.8207
CHEMBL1201774,0.0434,0.4815,1428,0.6632,111.19,0.408,17,1,1,SAPROPTERIN,0.9881235154394299,0.42042755344418054,0.9809976247030879,0.816
CHEMBL1465,0.1503,0.1926,64,0.5472,98.44,0.978,21,3,1,PHENPROCOUMON,0.7790973871733967,0.9881235154394299,0.6425178147268409,0.8077
CHEMBL1624126,0.083,0.2889,374,0.5603,106.6,0.823,22,2,1,XANTHINOL,0.815914489311164,0.7862232779097387,0.8052256532066508,0.8043
CHEMBL4297610,0.1315,0.4296,364,0.5082,100.71,1.121,25,3,1,OLUTASIDENIB,0.6152019002375297,0.9501187648456056,0.9501187648456056,0.7994
CHEMBL535,0.1437,0.5333,438,0.5022,115.66,0.93,29,2,1,SUNITINIB,0.5724465558194775,0.9786223277909739,0.9893111638954869,0.7985
CHEMBL4650215,0.0608,0.4074,825,0.5684,113.86,0.677,29,2,2,INAVOLISIB,0.838479809976247,0.6057007125890737,0.9334916864608076,0.7924
CHEMBL542541,0.1339,0.237,136,0.5332,,0.269,13,2,1,HYDRALAZINE HYDROCHLORIDE,0.7125890736342043,0.9548693586698337,0.7363420427553444,0.7912
CHEMBL3181841,0.0563,0.2074,390,0.674,,0.608,22,3,2,RAMOSETRON HYDROCHLORIDE,0.995249406175772,0.5570071258907363,0.6876484560570071,0.7869
CHEMBL1094966,0.0874,0.2,201,0.5664,90.78,0.599,17,1,0,PIRBUTEROL,0.833729216152019,0.8123515439429929,0.669833729216152,0.7863
CHEMBL1200521,0.0954,0.2,175,0.5603,105.85,0.766,32,2,1,ALMOTRIPTAN MALATE,0.815914489311164,0.838479809976247,0.669833729216152,0.7862
CHEMBL1173055,0.1373,0.3926,304,0.5041,100.79,0.522,24,3,3,RUCAPARIB,0.5843230403800475,0.9691211401425178,0.9239904988123515,0.7847
CHEMBL1200411,0.1384,0.163,46,0.5471,,0.72,20,1,1,ROPINIROLE HYDROCHLORIDE,0.7767220902612827,0.9714964370546318,0.5676959619952494,0.7829
CHEMBL1200819,0.1343,0.2,93,0.5361,,0.901,20,1,0,ARTICAINE HYDROCHLORIDE,0.7292161520190024,0.9572446555819477,0.669833729216152,0.7828
CHEMBL4594300,0.0385,0.5111,1727,0.6102,,0.714,27,1,3,FOSDENOPTERIN HYDROBROMIDE,0.9477434679334917,0.3681710213776722,0.9833729216152018,0.7828
CHEMBL453,0.1241,0.3778,327,0.5064,86.19,0.793,18,2,0,SULFISOXAZOLE,0.6009501187648456,0.9311163895486936,0.9144893111638955,0.7784
CHEMBL1219,0.1214,0.3778,336,0.5079,103.25,0.552,25,3,1,RABEPRAZOLE,0.6104513064133017,0.9144893111638955,0.9144893111638955,0.7777
CHEMBL278819,0.0692,0.2148,313,0.5891,102.0,0.898,22,2,0,MINAPRINE,0.8954869358669834,0.663895486935867,0.7019002375296912,0.7776
CHEMBL550755,0.0353,0.4148,1509,0.6434,,0.49,20,2,1,FORODESINE HYDROCHLORIDE,0.9809976247030879,0.32779097387173395,0.9406175771971497,0.7749
CHEMBL2106195,0.0989,0.1333,65,0.5756,,0.871,16,2,0,DEXMEDETOMIDINE HYDROCHLORIDE,0.8764845605700713,0.8515439429928741,0.497624703087886,0.7743
CHEMBL622,0.1212,0.1778,87,0.5465,100.31,0.801,21,2,2,ETODOLAC,0.7731591448931117,0.9121140142517815,0.6092636579572447,0.7739
CHEMBL3545253,0.1283,0.363,296,0.5043,84.74,0.408,20,4,2,FLORTAUCIPIR F 18,0.5866983372921615,0.9429928741092637,0.9026128266033254,0.7726
CHEMBL295124,0.0766,0.1407,132,0.6075,106.11,0.316,25,3,4,BERBERINE,0.9429928741092637,0.7244655581947743,0.5201900237529691,0.7717
CHEMBL1159,0.0714,0.1481,165,0.6134,85.06,0.645,18,1,0,PINACIDIL ANHYDROUS,0.9548693586698337,0.684085510688836,0.5391923990498813,0.7697
CHEMBL30,0.0737,0.1926,244,0.576,99.66,0.549,17,1,0,CIMETIDINE,0.8788598574821853,0.7007125890736342,0.6425178147268409,0.7663
CHEMBL1201080,0.082,0.3333,459,0.5317,,0.876,22,2,0,TRIMETHOPRIM HYDROCHLORIDE,0.7078384798099763,0.7755344418052257,0.8598574821852731,0.7662
CHEMBL420,0.0743,0.1111,82,0.6379,95.92,0.206,14,1,0,GUANABENZ,0.9786223277909739,0.7078384798099763,0.4477434679334917,0.7647
CHEMBL4802240,0.0742,0.2,256,0.5724,88.17,0.838,20,1,0,FOSCARBIDOPA,0.8574821852731591,0.7030878859857482,0.669833729216152,0.7643
CHEMBL436,0.1083,0.1926,131,0.5397,89.13,1.012,24,2,1,TOLRESTAT,0.7482185273159145,0.8788598574821853,0.6425178147268409,0.761
CHEMBL223448,0.1322,0.1704,62,0.5356,76.93,0.0,13,2,1,BROXYQUINOLINE,0.7256532066508313,0.9524940617577197,0.5890736342042755,0.7596
CHEMBL3182733,0.0615,0.163,245,0.6151,,0.617,17,1,1,PRAMIPEXOLE DIHYDROCHLORIDE,0.9596199524940617,0.6152019002375297,0.5676959619952494,0.7583
CHEMBL744,0.094,0.2074,191,0.5391,80.81,0.403,15,2,1,RILUZOLE,0.7434679334916865,0.833729216152019,0.6876484560570071,0.7566
CHEMBL2107834,0.0797,0.6815,1111,0.51,112.85,0.709,31,4,1,RIOCIGUAT,0.6223277909738717,0.7505938242280285,1.0,0.7552
CHEMBL1434513,0.1364,0.2222,115,0.5109,84.89,0.78,23,1,0,NOREPINEPHRINE BITARTRATE,0.6282660332541568,0.9667458432304038,0.7161520190023754,0.7518
CHEMBL2105720,0.0905,0.2667,299,0.5247,84.84,1.196,24,3,1,LESINURAD,0.6852731591448931,0.8218527315914489,0.7779097387173397,0.7494
CHEMBL1200379,0.0731,0.1407,144,0.5934,,0.7,16,1,0,APRACLONIDINE HYDROCHLORIDE,0.9121140142517815,0.6935866983372921,0.5201900237529691,0.7486
CHEMBL607710,0.0798,0.1111,68,0.5902,87.63,0.482,16,1,0,CHLORPHENESIN CARBAMATE,0.9049881235154394,0.7529691211401425,0.4477434679334917,0.7451
CHEMBL1516474,0.0611,0.3407,664,0.5452,115.61,0.766,30,2,1,TEGASEROD MALEATE,0.7672209026128266,0.6080760095011877,0.8681710213776722,0.7447
CHEMBL500,0.0976,0.1481,90,0.5487,89.17,0.814,18,2,1,PINDOLOL,0.7909738717339667,0.8432304038004751,0.5391923990498813,0.7437
CHEMBL1521,0.1142,0.3037,265,0.5054,87.71,1.029,23,3,1,ZALEPLON,0.5914489311163895,0.8978622327790974,0.830166270783848,0.7431
CHEMBL338975,0.0803,0.1778,188,0.5577,98.78,0.66,30,2,2,PHYSOSTIGMINE SALICYLATE,0.8076009501187649,0.7553444180522565,0.6092636579572447,0.7423
CHEMBL32479,0.1089,0.4148,435,0.495,95.32,0.967,22,3,2,BROTIZOLAM,0.5368171021377672,0.8812351543942993,0.9406175771971497,0.7411
CHEMBL1086440,0.1267,0.3481,283,0.494,84.61,0.849,21,3,1,TRICLABENDAZOLE,0.5273159144893111,0.9382422802850356,0.8788598574821853,0.7385
CHEMBL1201754,0.1235,0.3037,238,0.499,79.72,0.725,17,2,0,RUFINAMIDE,0.5605700712589073,0.9287410926365796,0.830166270783848,0.7384
CHEMBL308954,0.095,0.4519,568,0.4947,97.67,0.82,28,3,0,ETRAVIRINE,0.5308788598574822,0.836104513064133,0.9703087885985748,0.7323
CHEMBL2105684,0.0936,0.6074,823,0.4925,107.46,0.829,32,3,1,SELUMETINIB SULFATE,0.5201900237529691,0.828978622327791,0.997624703087886,0.7322
CHEMBL1542,0.0932,0.4148,522,0.498,89.59,0.841,19,3,1,AZATHIOPRINE,0.5510688836104513,0.8266033254156769,0.9406175771971497,0.7311
CHEMBL71752,0.0717,0.1333,134,0.5752,106.68,0.872,26,2,6,VINPOCETINE,0.8741092636579573,0.6864608076009501,0.497624703087886,0.7237
CHEMBL1057,0.098,0.2222,201,0.5119,85.61,1.077,25,3,3,FLUORESCEIN,0.6365795724465558,0.8456057007125891,0.7161520190023754,0.7192
CHEMBL19490,0.1139,0.1704,90,0.5219,90.49,1.044,20,2,0,ZOMEPIRAC,0.672209026128266,0.8954869358669834,0.5890736342042755,0.7184
CHEMBL902,0.067,0.1926,279,0.557,88.3,0.537,20,1,0,FAMOTIDINE,0.8052256532066508,0.6460807600950119,0.6425178147268409,0.7168
CHEMBL162036,0.0853,0.163,145,0.5396,90.53,0.586,23,2,0,BENORILATE,0.7458432304038005,0.7957244655581948,0.5676959619952494,0.7163
CHEMBL515408,0.0404,0.5333,1720,0.5473,109.59,0.588,24,2,1,MARIBAVIR,0.7814726840855107,0.38836104513064135,0.9893111638954869,0.7155
CHEMBL19449,0.0926,0.1111,42,0.5477,100.57,0.617,17,2,1,IBUDILAST,0.7862232779097387,0.8242280285035629,0.4477434679334917,0.713
CHEMBL311498,0.0476,0.2741,679,0.5683,88.92,0.552,21,2,1,CIANIDANOL,0.836104513064133,0.45724465558194777,0.7909738717339667,0.7112
CHEMBL1201102,0.1039,0.1778,120,0.5195,,0.609,25,2,2,TRIFLUPROMAZINE HYDROCHLORIDE,0.665083135391924,0.8586698337292161,0.6092636579572447,0.7092
CHEMBL1301,0.0612,0.1259,160,0.59,94.37,0.427,21,2,0,HYDROXYSTILBAMIDINE,0.9026128266033254,0.6104513064133017,0.47862232779097386,0.709
CHEMBL1555,0.082,0.1926,208,0.5247,,0.599,22,1,4,GALANTAMINE HYDROBROMIDE,0.6852731591448931,0.7755344418052257,0.6425178147268409,0.7017
CHEMBL4585668,0.0706,0.3037,487,0.5121,108.57,1.303,26,2,1,BELZUTIFAN,0.6389548693586699,0.6793349168646081,0.830166270783848,0.6989
CHEMBL1200604,0.0761,0.1037,63,0.5692,94.64,1.142,21,2,0,TROPICAMIDE,0.8408551068883611,0.7185273159144893,0.41330166270783847,0.6973
CHEMBL1279,0.0443,0.1333,289,0.6575,95.79,0.285,18,2,2,FROVATRIPTAN,0.9857482185273159,0.42992874109263657,0.497624703087886,0.697
CHEMBL3137329,0.0336,0.3259,1220,0.5744,,0.626,25,2,7,PEFICITINIB HYDROBROMIDE,0.8705463182897862,0.30997624703087884,0.8491686460807601,0.697
CHEMBL1329455,0.0826,0.1333,101,0.5399,94.35,0.438,17,1,0,MOLSIDOMINE,0.7505938242280285,0.7790973871733967,0.497624703087886,0.6959
CHEMBL779,0.0481,0.2593,627,0.5599,107.03,0.946,29,3,4,TADALAFIL,0.8123515439429929,0.46318289786223277,0.7624703087885986,0.6951
CHEMBL1580,0.0277,0.3481,1609,0.5826,103.8,0.613,19,1,1,PENTOSTATIN,0.8883610451306413,0.24703087885985747,0.8788598574821853,0.6936
CHEMBL1292,0.1216,0.437,409,0.4679,106.63,0.91,33,5,2,CLOFAZIMINE,0.39667458432304037,0.9180522565320665,0.9560570071258907,0.6929
CHEMBL1289926,0.0903,0.3704,469,0.4871,104.39,1.134,28,4,1,AXITINIB,0.4845605700712589,0.8194774346793349,0.9097387173396675,0.6913
CHEMBL345714,0.1553,0.1852,51,0.4939,85.18,0.0,11,1,0,ACIPIMOX,0.5249406175771971,0.995249406175772,0.6199524940617577,0.6898
CHEMBL911,0.123,0.2296,148,0.491,101.6,0.587,23,3,1,ZOLPIDEM,0.5083135391923991,0.9263657957244655,0.7268408551068883,0.6884
CHEMBL1908307,0.0761,0.1037,63,0.5617,94.97,0.347,16,2,1,FLOSEQUINAN,0.8194774346793349,0.7185273159144893,0.41330166270783847,0.6876
CHEMBL2105689,0.0599,0.1259,166,0.573,98.99,1.097,21,2,0,LULICONAZOLE,0.8622327790973872,0.5914489311163895,0.47862232779097386,0.6851
CHEMBL2205807,0.0692,0.0815,35,0.5803,84.91,0.009,14,2,0,ABAMETAPIR,0.8836104513064132,0.663895486935867,0.342042755344418,0.6823
CHEMBL1201288,0.056,0.163,280,0.5653,100.45,0.125,23,2,0,DANTROLENE,0.828978622327791,0.5534441805225653,0.5676959619952494,0.681
CHEMBL847,0.0651,0.2296,372,0.5255,88.82,0.762,20,1,1,OXAMNIQUINE,0.6912114014251781,0.6270783847980997,0.7268408551068883,0.6809
CHEMBL3039502,0.0707,0.437,759,0.4938,116.05,1.34,30,5,2,DUVELISIB,0.5225653206650831,0.6817102137767221,0.9560570071258907,0.6787
CHEMBL1108,0.0678,0.1778,243,0.5365,129.66,0.734,28,3,1,DROPERIDOL,0.7315914489311164,0.6508313539192399,0.6092636579572447,0.6768
CHEMBL2107175,0.125,0.2,108,0.4903,92.49,1.319,23,1,0,RANELIC ACID,0.505938242280285,0.9334916864608076,0.669833729216152,0.6752
CHEMBL2107387,0.0657,0.1037,92,0.5707,,0.765,22,2,0,VORTIOXETINE HYDROBROMIDE,0.8456057007125891,0.6377672209026128,0.41330166270783847,0.6752
CHEMBL181,0.0787,0.1037,57,0.5453,81.53,0.475,14,1,1,DIAZOXIDE,0.7695961995249406,0.7482185273159145,0.41330166270783847,0.6741
CHEMBL1256400,0.0514,0.0815,90,0.6184,,0.8,19,1,0,XYLOMETAZOLINE HYDROCHLORIDE,0.9667458432304038,0.5106888361045131,0.342042755344418,0.6738
CHEMBL469,0.0938,0.1333,75,0.5178,92.29,0.739,19,2,1,KETOROLAC,0.66270783847981,0.831353919239905,0.497624703087886,0.672
CHEMBL1319139,0.0455,0.1333,279,0.5935,,0.726,19,1,0,BROMHEXINE HYDROCHLORIDE,0.9144893111638955,0.43705463182897863,0.497624703087886,0.667
CHEMBL460,0.0499,0.1481,286,0.571,91.16,0.621,20,1,1,MOLINDONE,0.8479809976247031,0.4916864608076009,0.5391923990498813,0.6639
CHEMBL488093,0.0866,0.3111,392,0.4854,85.5,0.909,24,2,0,PYRITINOL,0.47268408551068886,0.8028503562945368,0.8396674584323041,0.6635
CHEMBL3286830,0.0423,0.4074,1221,0.5209,114.36,0.956,30,3,3,LORLATINIB,0.667458432304038,0.41211401425178146,0.9334916864608076,0.6574
CHEMBL1201346,0.0774,0.2593,352,0.4964,94.83,0.442,26,2,0,BALSALAZIDE,0.5439429928741093,0.7363420427553444,0.7624703087885986,0.6563
CHEMBL456,0.0769,0.0963,47,0.5417,79.59,0.779,19,1,0,ETHACRYNIC ACID,0.7529691211401425,0.7304038004750594,0.3859857482185273,0.6545
CHEMBL1094636,0.0537,0.2593,552,0.5233,112.57,0.506,24,3,1,NIRAPARIB,0.6793349168646081,0.5237529691211401,0.7624703087885986,0.6534
CHEMBL4101807,0.0813,0.2741,357,0.4889,94.64,0.926,25,3,0,VOXELOTOR,0.498812351543943,0.7707838479809976,0.7909738717339667,0.6534
CHEMBL431770,0.1167,0.363,334,0.4566,103.05,0.498,28,3,1,ISTRADEFYLLINE,0.342042755344418,0.9026128266033254,0.9026128266033254,0.6504
CHEMBL58510,0.0572,0.1704,290,0.5376,94.43,1.043,32,2,1,CHLOROQUINE PHOSPHATE,0.7387173396674585,0.5676959619952494,0.5890736342042755,0.65
CHEMBL1055,0.1055,0.2148,169,0.4854,90.16,1.036,22,2,1,CHLORTHALIDONE,0.47268408551068886,0.8693586698337292,0.7019002375296912,0.649
CHEMBL4297526,0.083,0.3481,478,0.4768,93.12,1.097,28,3,2,REMIMAZOLAM,0.42755344418052255,0.7862232779097387,0.8788598574821853,0.648
CHEMBL70927,0.1133,0.1259,32,0.503,75.01,0.0,10,1,0,DEFERIPRONE,0.5783847980997625,0.8931116389548693,0.47862232779097386,0.6479
CHEMBL1200751,0.1222,0.2,113,0.4821,67.93,0.003,11,2,1,MERCAPTOPURINE,0.4501187648456057,0.9228028503562945,0.669833729216152,0.6469
CHEMBL2110636,0.1077,0.1556,81,0.4959,83.88,0.84,22,1,0,BUNAMIODYL,0.5403800475059383,0.8752969121140143,0.5558194774346793,0.6447
CHEMBL535650,0.0462,0.2667,681,0.5288,,0.694,27,2,1,MEFLOQUINE HYDROCHLORIDE,0.7007125890736342,0.44061757719714967,0.7779097387173397,0.642
CHEMBL443052,0.0744,0.1185,96,0.5248,,0.131,11,1,1,TAVABOROLE,0.6888361045130641,0.7125890736342043,0.4679334916864608,0.6407
CHEMBL3137326,0.0367,0.1333,374,0.5912,102.16,0.701,23,1,2,DEUTETRABENAZINE,0.9073634204275535,0.3527315914489311,0.497624703087886,0.6385
CHEMBL499,0.0509,0.1704,340,0.542,94.17,0.659,21,1,0,TIMOLOL,0.7553444180522565,0.503562945368171,0.5890736342042755,0.6382
CHEMBL1626223,0.0479,0.0593,40,0.6175,83.12,0.417,14,1,0,PYRANTEL,0.9643705463182898,0.46080760095011875,0.25534441805225655,0.636
CHEMBL473417,0.1042,0.2593,236,0.4721,96.1,0.649,27,3,0,VISMODEGIB,0.40973871733966744,0.8669833729216152,0.7624703087885986,0.6351
CHEMBL119423,0.1362,0.2593,157,0.4579,74.92,0.0,10,2,1,TISOPURINE,0.34441805225653205,0.9631828978622328,0.7624703087885986,0.6346
CHEMBL3237547,0.0328,0.1333,431,0.6061,93.66,0.709,18,0,0,CEDAZURIDINE,0.9382422802850356,0.28978622327790976,0.497624703087886,0.6336
CHEMBL1148,0.1494,0.363,242,0.4377,94.32,1.14,24,2,0,TORSEMIDE,0.2517814726840855,0.9809976247030879,0.9026128266033254,0.6333
CHEMBL56367,0.1294,0.1926,92,0.4739,94.84,0.792,21,2,0,NIMESULIDE,0.4168646080760095,0.9453681710213777,0.6425178147268409,0.6318
CHEMBL1201773,0.0806,0.2222,267,0.4885,,0.885,27,2,1,PRASUGREL HYDROCHLORIDE,0.49406175771971494,0.7577197149643705,0.7161520190023754,0.6287
CHEMBL588,0.0613,0.1926,315,0.5099,85.86,0.661,21,2,1,FENOLDOPAM,0.6187648456057007,0.6128266033254157,0.6425178147268409,0.6229
CHEMBL1631694,0.1176,0.2222,150,0.4646,77.72,0.97,19,2,0,FEXINIDAZOLE,0.38004750593824227,0.9073634204275535,0.7161520190023754,0.6223
CHEMBL1201174,0.0537,0.2667,572,0.5058,102.55,0.724,34,2,1,SITAGLIPTIN PHOSPHATE,0.5961995249406176,0.5237529691211401,0.7779097387173397,0.6199
CHEMBL12856,0.1151,0.2148,146,0.4661,73.84,0.574,14,2,0,INAMRINONE,0.38717339667458434,0.9002375296912114,0.7019002375296912,0.6198
CHEMBL290106,0.1004,0.1704,117,0.4863,73.47,0.858,19,2,0,BITHIONOL,0.47980997624703087,0.8551068883610451,0.5890736342042755,0.6197
CHEMBL4298149,0.054,0.1556,275,0.5335,110.16,0.689,34,1,0,ARIMOCLOMOL CITRATE,0.7149643705463183,0.5273159144893111,0.5558194774346793,0.6189
CHEMBL1294,0.024,0.1704,846,0.5898,97.17,0.773,24,2,4,QUINIDINE,0.8978622327790974,0.22446555819477435,0.5890736342042755,0.6186
CHEMBL1218,0.035,0.1037,279,0.5972,91.2,0.715,19,1,2,RAMELTEON,0.9263657957244655,0.3254156769596199,0.41330166270783847,0.6178
CHEMBL1076903,0.0556,0.1481,245,0.531,77.4,0.652,16,2,3,VARENICLINE,0.7054631828978623,0.5510688836104513,0.5391923990498813,0.6176
CHEMBL21536,0.0314,0.1407,489,0.5899,94.96,0.795,19,1,0,XANOMELINE,0.9002375296912114,0.27434679334916867,0.5201900237529691,0.6175
CHEMBL1789941,0.0349,0.2741,963,0.5337,99.56,1.092,23,3,1,RUXOLITINIB,0.7173396674584323,0.32185273159144895,0.7909738717339667,0.6171
CHEMBL1303,0.045,0.1037,190,0.5717,103.95,1.014,22,2,1,ROTIGOTINE,0.8527315914489311,0.4323040380047506,0.41330166270783847,0.6167
CHEMBL1289,0.0493,0.0519,14,0.5946,79.75,0.0,14,1,0,HALOPROGIN,0.9216152019002375,0.47980997624703087,0.23159144893111638,0.6166
CHEMBL3608680,0.0545,0.3852,872,0.4894,90.07,0.864,25,3,1,FEZOLINETANT,0.503562945368171,0.5332541567695962,0.9192399049881235,0.6164
CHEMBL1200328,0.1124,0.1407,53,0.4878,,1.028,22,3,1,DULOXETINE HYDROCHLORIDE,0.48693586698337293,0.8907363420427553,0.5201900237529691,0.6164
CHEMBL1089318,0.0782,0.4222,651,0.458,102.58,1.038,27,3,0,OPICAPONE,0.34679334916864607,0.7458432304038005,0.9453681710213777,0.6162
CHEMBL2062163,0.0774,0.0963,46,0.517,111.14,0.747,24,1,0,PHENDIMETRAZINE TARTRATE,0.6603325415676959,0.7363420427553444,0.3859857482185273,0.6145
CHEMBL1983350,0.0402,0.0593,72,0.615,86.03,0.629,17,1,1,STIRIPENTOL,0.9572446555819477,0.3847980997624703,0.25534441805225655,0.61
CHEMBL513,0.0577,0.0667,30,0.5521,77.58,0.742,12,0,0,CARMUSTINE,0.7957244655581948,0.5748218527315915,0.28859857482185275,0.6027
CHEMBL159226,0.0769,0.1037,61,0.5099,73.79,0.883,20,1,0,MOXISYLYTE,0.6187648456057007,0.7304038004750594,0.41330166270783847,0.6009
CHEMBL2110372,0.0691,0.1556,190,0.5027,,0.725,22,1,0,RANITIDINE HYDROCHLORIDE,0.5748218527315915,0.6591448931116389,0.5558194774346793,0.5954
CHEMBL1214124,0.104,0.1926,141,0.4658,95.15,0.95,27,4,0,PERAMPANEL,0.3847980997624703,0.8622327790973872,0.6425178147268409,0.5925
CHEMBL3261331,0.0629,0.3259,609,0.4764,107.47,0.933,29,3,0,RESMETIROM,0.4251781472684085,0.6199524940617577,0.8491686460807601,0.5896
CHEMBL4303214,0.0813,0.3926,570,0.445,103.14,0.982,29,4,2,FRUQUINTINIB,0.2826603325415677,0.7707838479809976,0.9239904988123515,0.5894
CHEMBL1367605,0.0405,0.0741,122,0.5744,,0.811,22,2,0,RITODRINE HYDROCHLORIDE,0.8705463182897862,0.39429928741092635,0.3171021377672209,0.5893
CHEMBL3348923,0.0571,0.4519,995,0.4675,110.61,0.828,32,3,0,TOVORAFENIB,0.38954869358669836,0.5653206650831354,0.9703087885985748,0.5875
CHEMBL1232131,0.1353,0.1704,58,0.4555,75.54,0.505,12,1,0,DOBESILIC ACID,0.334916864608076,0.9596199524940617,0.5890736342042755,0.5859
CHEMBL2079130,0.1119,0.2444,193,0.448,89.97,1.178,24,3,0,VONOPRAZAN,0.29453681710213775,0.8883610451306413,0.7470308788598575,0.5858
CHEMBL3545185,0.0506,0.3037,716,0.4889,104.83,0.941,31,3,0,SELINEXOR,0.498812351543943,0.497624703087886,0.830166270783848,0.5813
CHEMBL748,0.0743,0.0815,24,0.5109,68.84,0.0,11,1,0,PRALIDOXIME CHLORIDE,0.6282660332541568,0.7078384798099763,0.342042755344418,0.5806
CHEMBL1200979,0.067,0.1111,104,0.5077,86.67,0.903,14,0,0,DEXPANTHENOL,0.6045130641330166,0.6460807600950119,0.4477434679334917,0.5778
CHEMBL1200770,0.121,0.2222,143,0.4443,81.38,1.303,20,1,0,IOCETAMIC ACID,0.27790973871733965,0.9097387173396675,0.7161520190023754,0.577
CHEMBL1201733,0.0718,0.4444,761,0.4434,,1.006,32,4,1,PAZOPANIB HYDROCHLORIDE,0.27315914489311166,0.6900237529691211,0.9619952494061758,0.5704
CHEMBL1657,0.0698,0.1333,141,0.4959,88.04,0.466,25,2,1,TAZAROTENE,0.5403800475059383,0.671021377672209,0.497624703087886,0.5689
CHEMBL1770,0.0378,0.0519,57,0.5854,,0.592,15,1,1,LEVAMISOLE HYDROCHLORIDE,0.8907363420427553,0.36342042755344417,0.23159144893111638,0.5678
CHEMBL3989571,0.0149,0.1037,819,0.6014,,0.606,30,0,2,SPECTINOMYCIN HYDROCHLORIDE,0.9287410926365796,0.1543942992874109,0.41330166270783847,0.5676
CHEMBL578767,0.0359,0.0444,38,0.5936,92.65,0.545,16,1,0,FLUMEXADOL,0.9168646080760094,0.342042755344418,0.2042755344418052,0.5663
CHEMBL1079604,0.0647,0.0963,79,0.5103,87.0,0.623,16,1,0,METAXALONE,0.6247030878859857,0.6247030878859857,0.3859857482185273,0.565
CHEMBL276520,0.0193,0.0519,235,0.7215,97.0,0.355,17,2,1,INDALPINE,1.0,0.19002375296912113,0.23159144893111638,0.5649
CHEMBL220491,0.0551,0.1407,229,0.5061,91.49,0.77,23,1,1,BRINZOLAMIDE,0.5985748218527316,0.5415676959619953,0.5201900237529691,0.5619
CHEMBL1200330,0.0233,0.0667,261,0.6068,,0.741,16,1,0,PILOCARPINE HYDROCHLORIDE,0.9406175771971497,0.21377672209026127,0.28859857482185275,0.5596
CHEMBL3989908,0.0467,0.5259,1457,0.4676,117.8,0.528,33,3,0,ENASIDENIB,0.3919239904988123,0.4489311163895487,0.9857482185273159,0.5575
CHEMBL2355333,0.038,0.0444,29,0.5781,,0.379,22,2,0,ZIMELDINE HYDROCHLORIDE,0.8812351543942993,0.3657957244655582,0.2042755344418052,0.5574
CHEMBL924,0.0734,0.1407,143,0.487,80.49,0.908,16,1,0,ZOLEDRONIC ACID ANHYDROUS,0.4821852731591449,0.6983372921615202,0.5201900237529691,0.5565
CHEMBL2105743,0.0777,0.2889,406,0.447,,1.02,29,2,1,OLODATEROL HYDROCHLORIDE,0.2921615201900237,0.7434679334916865,0.8052256532066508,0.5558
CHEMBL3707246,0.0564,0.2889,595,0.4731,,0.438,31,3,1,OZANIMOD HYDROCHLORIDE,0.41330166270783847,0.5605700712589073,0.8052256532066508,0.5555
CHEMBL4297528,0.0466,0.3333,876,0.4829,106.06,0.359,30,4,2,RISDIPLAM,0.45486935866983375,0.44655581947743467,0.8598574821852731,0.5536
CHEMBL1111,0.0962,0.1481,93,0.4611,106.13,1.423,28,3,0,AMBRISENTAN,0.3657957244655582,0.8408551068883611,0.5391923990498813,0.5517
CHEMBL1200863,0.0392,0.0444,24,0.5718,,0.536,20,1,0,MELPHALAN HYDROCHLORIDE,0.8551068883610451,0.38004750593824227,0.2042755344418052,0.5499
CHEMBL193240,0.0657,0.2963,514,0.4562,92.59,1.004,26,2,0,ROFLUMILAST,0.33729216152019004,0.6377672209026128,0.8171021377672208,0.5474
CHEMBL1082407,0.0576,0.2222,416,0.4788,104.28,1.025,32,2,0,ENZALUTAMIDE,0.43705463182897863,0.5712589073634204,0.7161520190023754,0.5471
CHEMBL1698,0.0333,0.037,20,0.5959,,0.689,17,1,0,BUPROPION HYDROCHLORIDE,0.9239904988123515,0.2992874109263658,0.166270783847981,0.5471
CHEMBL111,0.0764,0.4296,682,0.4266,101.76,0.79,30,3,0,RIMONABANT,0.2042755344418052,0.7220902612826603,0.9501187648456056,0.5461
CHEMBL1413,0.0452,0.1185,235,0.5163,76.76,0.524,15,1,0,CICLOPIROX,0.6567695961995249,0.4346793349168646,0.4679334916864608,0.5429
CHEMBL1518,0.0872,0.0963,27,0.4809,73.1,0.414,11,1,0,PROPYLTHIOURACIL,0.44418052256532065,0.8099762470308789,0.3859857482185273,0.5394
CHEMBL4650216,0.0583,0.3259,664,0.4565,,1.353,33,4,1,DARIDOREXANT HYDROCHLORIDE,0.33966745843230406,0.5795724465558195,0.8491686460807601,0.539
CHEMBL1719,0.0812,0.1185,78,0.475,,1.221,26,2,2,OLOPATADINE HYDROCHLORIDE,0.42042755344418054,0.7660332541567696,0.4679334916864608,0.536
CHEMBL1172,0.0884,0.1185,62,0.4653,81.98,0.931,22,2,2,DESLORATADINE,0.3824228028503563,0.8171021377672208,0.4679334916864608,0.5342
CHEMBL689,0.0333,0.0815,206,0.5482,85.01,0.512,12,0,0,MANNITOL,0.7885985748218527,0.2992874109263658,0.342042755344418,0.5302
CHEMBL1201753,0.0391,0.2,583,0.4982,100.96,0.791,31,3,1,PITAVASTATIN,0.5534441805225653,0.37767220902612825,0.669833729216152,0.5298
CHEMBL223228,0.1275,0.1926,95,0.4228,84.06,1.048,21,1,1,EFAVIRENZ,0.19239904988123516,0.9406175771971497,0.6425178147268409,0.5294
CHEMBL1213252,0.1362,0.3037,207,0.3924,80.75,1.046,22,2,1,CLORAZEPIC ACID,0.07125890736342043,0.9631828978622328,0.830166270783848,0.5286
CHEMBL198362,0.0417,0.1704,440,0.503,118.37,0.371,29,2,0,RIVAROXABAN,0.5783847980997625,0.4014251781472684,0.5890736342042755,0.528
CHEMBL1229517,0.081,0.4296,639,0.4088,97.24,1.335,33,4,1,VEMURAFENIB,0.12945368171021376,0.7624703087885986,0.9501187648456056,0.5245
CHEMBL483254,0.0656,0.1481,190,0.4786,98.5,0.884,26,3,1,PANOBINOSTAT,0.4346793349168646,0.6342042755344418,0.5391923990498813,0.5207
CHEMBL328560,0.0484,0.0889,125,0.5123,83.38,0.835,18,1,0,SULTHIAME,0.6413301662707839,0.4667458432304038,0.3681710213776722,0.5207
CHEMBL105,0.0182,0.1111,704,0.5476,101.1,1.267,24,0,3,MITOMYCIN,0.7838479809976246,0.1828978622327791,0.4477434679334917,0.5195
CHEMBL231779,0.0496,0.363,902,0.4544,111.37,0.411,34,3,1,APIXABAN,0.32779097387173395,0.4845605700712589,0.9026128266033254,0.5185
CHEMBL1695,0.0422,0.1037,211,0.5124,,0.647,26,2,0,TIAGABINE HYDROCHLORIDE,0.6448931116389549,0.4085510688836104,0.41330166270783847,0.5161
CHEMBL3643413,0.0358,0.3778,1340,0.4721,108.23,0.936,32,2,1,LENIOLISIB,0.40973871733966744,0.33729216152019004,0.9144893111638955,0.5142
CHEMBL254316,0.0601,0.4444,923,0.4287,111.55,1.189,32,3,0,RALTEGRAVIR,0.21140142517814728,0.5938242280285035,0.9619952494061758,0.5138
CHEMBL1200821,0.0533,0.0593,23,0.5124,73.24,0.889,16,1,0,PROPYLIODONE,0.6448931116389549,0.5201900237529691,0.25534441805225655,0.5101
CHEMBL1200778,0.0171,0.0222,43,0.6168,,0.839,20,0,0,DEXRAZOXANE HYDROCHLORIDE,0.9619952494061758,0.16508313539192399,0.11045130641330166,0.51
CHEMBL211471,0.0426,0.0444,12,0.5371,85.88,0.638,22,1,0,NEOSTIGMINE METHYLSULFATE,0.7339667458432304,0.4156769596199525,0.2042755344418052,0.5061
CHEMBL4299940,0.0705,0.3259,533,0.4253,96.71,1.099,32,3,1,MITAPIVAT,0.2007125890736342,0.6769596199524941,0.8491686460807601,0.5057
CHEMBL1709,0.028,0.0519,122,0.5652,,0.765,21,2,1,SERTRALINE HYDROCHLORIDE,0.8266033254156769,0.2517814726840855,0.23159144893111638,0.5054
CHEMBL476960,0.0156,0.0815,580,0.5619,93.77,0.667,18,0,0,VOGLIBOSE,0.8218527315914489,0.15914489311163896,0.342042755344418,0.5031
CHEMBL1004,0.0588,0.0667,27,0.5014,90.52,0.969,20,2,0,DOXYLAMINE,0.5665083135391924,0.5866983372921615,0.28859857482185275,0.5031
CHEMBL2043437,0.0238,0.2074,1068,0.5052,111.0,0.596,28,3,1,GLASDEGIB,0.5890736342042755,0.21852731591448932,0.6876484560570071,0.5026
CHEMBL514800,0.0807,0.2889,387,0.4172,110.72,1.632,32,2,1,APREMILAST,0.15914489311163896,0.7600950118764845,0.8052256532066508,0.501
CHEMBL1585,0.0205,0.0222,14,0.5943,75.82,0.432,16,0,0,PIPOBROMAN,0.9192399049881235,0.19714964370546317,0.11045130641330166,0.5004
CHEMBL1441,0.0854,0.1037,43,0.4582,70.15,0.536,11,1,0,ETHIONAMIDE,0.3491686460807601,0.7980997624703088,0.41330166270783847,0.4999
CHEMBL4071161,0.0471,0.4667,1267,0.4406,132.43,0.468,34,4,1,TIRABRUTINIB,0.26128266033254155,0.45368171021377673,0.9774346793349169,0.498
CHEMBL1201281,0.0752,0.1481,151,0.4545,97.81,1.083,27,1,0,CHLORAMPHENICOL SUCCINIC ACID,0.33016627078384797,0.7149643705463183,0.5391923990498813,0.4979
CHEMBL24924,0.0511,0.0667,50,0.5077,94.25,0.734,18,2,1,FLUINDIONE,0.6045130641330166,0.5071258907363421,0.28859857482185275,0.4963
CHEMBL1201131,0.067,0.1111,104,0.4754,87.93,0.887,24,1,1,PIPERONYL BUTOXIDE,0.42280285035629456,0.6460807600950119,0.4477434679334917,0.496
CHEMBL4435170,0.0554,0.5778,1352,0.4218,107.87,0.755,31,3,0,DEUCRAVACITINIB,0.1828978622327791,0.5486935866983373,0.995249406175772,0.4957
CHEMBL1200781,0.0569,0.0889,88,0.4923,,0.932,25,2,1,CITALOPRAM HYDROBROMIDE,0.517814726840855,0.5629453681710214,0.3681710213776722,0.4939
CHEMBL197084,0.0386,0.0593,80,0.5279,101.59,0.928,22,0,0,TROFINETIDE,0.6983372921615202,0.37173396674584325,0.25534441805225655,0.4896
CHEMBL1697744,0.0341,0.0444,47,0.5442,97.72,0.734,15,0,0,ERDOSTEINE,0.7600950118764845,0.3147268408551069,0.2042755344418052,0.4875
CHEMBL4458276,0.0333,0.0815,206,0.5225,86.88,0.805,21,1,1,ENMETAZOBACTAM,0.6769596199524941,0.2992874109263658,0.342042755344418,0.4799
CHEMBL707,0.055,0.4444,1015,0.4202,100.78,0.643,33,3,2,DOXAZOSIN,0.17339667458432304,0.5368171021377672,0.9619952494061758,0.4796
CHEMBL601719,0.0363,0.3333,1151,0.4589,99.81,0.885,30,3,0,CRIZOTINIB,0.35629453681710216,0.34679334916864607,0.8598574821852731,0.4793
CHEMBL1200955,0.1096,0.237,189,0.387,,1.366,32,1,1,MYCOPHENOLATE MOFETIL HYDROCHLORIDE,0.06413301662707839,0.8859857482185273,0.7363420427553444,0.4787
CHEMBL3545376,0.0743,0.3333,516,0.4063,98.05,0.912,33,4,1,ERDAFITINIB,0.11163895486935867,0.7078384798099763,0.8598574821852731,0.4776
CHEMBL937,0.0774,0.0889,32,0.4609,92.4,1.004,27,0,0,DIETHYLCARBAMAZINE CITRATE,0.36342042755344417,0.7363420427553444,0.3681710213776722,0.4765
CHEMBL2103873,0.0691,0.3481,592,0.4088,105.3,0.723,32,3,0,MACITENTAN,0.12945368171021376,0.6591448931116389,0.8788598574821853,0.4757
CHEMBL3301605,0.011,0.0741,787,0.5534,97.27,0.914,24,0,1,RELEBACTAM,0.8004750593824228,0.11995249406175772,0.3171021377672209,0.4755
CHEMBL1200907,0.0077,0.0519,779,0.5735,91.1,0.622,24,0,4,TRILOSTANE,0.8646080760095012,0.09263657957244656,0.23159144893111638,0.4748
CHEMBL4216467,0.0694,0.4,697,0.3976,97.93,1.134,33,4,1,RIPRETINIB,0.09263657957244656,0.667458432304038,0.9287410926365796,0.4741
CHEMBL196,0.0358,0.0741,154,0.5155,89.18,0.563,12,0,0,ASCORBIC ACID,0.6508313539192399,0.33729216152019004,0.3171021377672209,0.4733
CHEMBL1561,0.0176,0.0815,502,0.5384,84.95,0.848,14,0,0,MIGLITOL,0.7410926365795725,0.17339667458432304,0.342042755344418,0.471
CHEMBL298470,0.0551,0.4074,919,0.4182,93.98,1.428,33,3,1,TAFENOQUINE,0.16508313539192399,0.5415676959619953,0.9334916864608076,0.4701
CHEMBL1201093,0.029,0.0296,7,0.549,,0.406,11,0,0,METHYL AMINOLEVULINATE HYDROCHLORIDE,0.7933491686460807,0.26128266033254155,0.13657957244655583,0.4695
CHEMBL1201794,0.0333,0.4667,1818,0.4482,107.93,0.839,31,3,2,RIBOFLAVIN 5'-PHOSPHATE,0.29691211401425177,0.2992874109263658,0.9774346793349169,0.4678
CHEMBL4594250,0.0835,0.2444,293,0.3977,101.66,1.304,34,4,1,NETARSUDIL,0.09501187648456057,0.7909738717339667,0.7470308788598575,0.4668
CHEMBL1106,0.0543,0.1037,137,0.4821,93.9,0.626,19,2,3,EPINASTINE,0.4501187648456057,0.5296912114014252,0.41330166270783847,0.4648
CHEMBL742,0.0497,0.0593,34,0.5,81.78,1.023,16,1,0,KETAMINE,0.5629453681710214,0.48812351543942994,0.25534441805225655,0.4636
CHEMBL814,0.0318,0.0667,157,0.5221,95.53,0.876,22,1,0,FLUVOXAMINE,0.6745843230403801,0.2814726840855107,0.28859857482185275,0.4602
CHEMBL1208422,0.0718,0.2296,328,0.4163,89.16,1.243,33,4,2,ROSE BENGAL FREE ACID,0.15676959619952494,0.6900237529691211,0.7268408551068883,0.4593
CHEMBL215303,0.0579,0.237,450,0.4324,97.69,0.886,31,3,2,GARENOXACIN,0.22446555819477435,0.5771971496437055,0.7363420427553444,0.4583
CHEMBL2396661,0.0508,0.3556,857,0.4223,112.71,0.916,30,2,0,ALPELISIB,0.18883610451306412,0.501187648456057,0.8919239904988123,0.4583
CHEMBL3140361,0.0059,0.0074,36,0.6129,,0.637,16,0,0,ETHAMBUTOL HYDROCHLORIDE,0.9524940617577197,0.05463182897862233,0.048693586698337295,0.4572
CHEMBL2364608,0.0732,0.3333,525,0.3904,94.94,1.141,29,3,0,DORAVIRINE,0.0688836104513064,0.6959619952494062,0.8598574821852731,0.4548
CHEMBL760,0.0981,0.1926,156,0.3971,86.42,0.0,16,1,2,ANAGRELIDE,0.08788598574821853,0.8479809976247031,0.6425178147268409,0.4546
CHEMBL857,0.0081,0.037,489,0.5716,81.79,0.967,16,0,1,BIOTIN,0.850356294536817,0.09857482185273159,0.166270783847981,0.4538
CHEMBL4297185,0.0626,0.3481,663,0.4001,86.16,0.585,28,3,0,DAROLUTAMIDE,0.10095011876484561,0.6175771971496437,0.8788598574821853,0.4504
CHEMBL107,0.0652,0.2444,404,0.4175,90.9,1.019,29,2,2,COLCHICINE,0.16152019002375298,0.6306413301662708,0.7470308788598575,0.4486
CHEMBL122,0.0296,0.0444,74,0.5305,101.18,0.677,22,2,0,ROFECOXIB,0.7030878859857482,0.2672209026128266,0.2042755344418052,0.4476
CHEMBL1417019,0.0552,0.2963,629,0.4209,,0.379,34,2,2,MITOXANTRONE HYDROCHLORIDE,0.17577197149643706,0.5463182897862233,0.8171021377672208,0.4473
CHEMBL634,0.0584,0.1926,336,0.4358,95.5,0.948,30,2,0,ALFENTANIL,0.2375296912114014,0.5819477434679335,0.6425178147268409,0.4421
CHEMBL1372950,0.0419,0.2148,586,0.4513,101.12,0.957,31,3,4,NICERGOLINE,0.3159144893111639,0.40380047505938244,0.7019002375296912,0.4388
CHEMBL1449,0.0465,0.1333,270,0.4712,95.05,1.223,25,1,1,TICARCILLIN,0.4014251781472684,0.44418052256532065,0.497624703087886,0.4383
CHEMBL1725,0.0698,0.2741,432,0.3928,91.02,1.326,32,1,0,IOPROMIDE,0.07600950118764846,0.671021377672209,0.7909738717339667,0.4333
CHEMBL56021,0.0368,0.0444,34,0.5079,85.5,0.652,12,0,0,LEVACETYLLEUCINE,0.6104513064133017,0.35629453681710216,0.2042755344418052,0.4327
CHEMBL2109882,0.0437,0.0667,80,0.4916,,0.909,11,0,0,TRISILICATE,0.5130641330166271,0.4251781472684085,0.28859857482185275,0.4306
CHEMBL185,0.087,0.1037,40,0.4223,67.06,0.0,9,1,0,FLUOROURACIL,0.18883610451306412,0.8064133016627079,0.41330166270783847,0.4302
CHEMBL3188267,0.0545,0.3407,755,0.4067,102.48,0.938,31,5,2,CAPMATINIB,0.1163895486935867,0.5332541567695962,0.8681710213776722,0.4294
CHEMBL1648,0.0468,0.1852,424,0.4505,92.81,1.203,27,2,1,ISRADIPINE,0.30641330166270786,0.4513064133016627,0.6199524940617577,0.4283
CHEMBL1455,0.0606,0.0741,40,0.4623,86.8,0.209,15,1,0,ALTRETAMINE,0.37054631828978624,0.6009501187648456,0.3171021377672209,0.4263
CHEMBL204656,0.0511,0.1926,400,0.4372,94.29,1.036,31,3,1,ELVITEGRAVIR,0.24703087885985747,0.5071258907363421,0.6425178147268409,0.4239
CHEMBL2105420,0.0262,0.037,61,0.5235,82.8,0.886,17,0,0,TAUROLIDINE,0.6817102137767221,0.23040380047505937,0.166270783847981,0.4175
CHEMBL169901,0.0588,0.0741,45,0.4588,78.99,0.317,13,1,1,DEBRISOQUIN,0.35391923990498814,0.5866983372921615,0.3171021377672209,0.4145
CHEMBL534,0.0604,0.0815,58,0.4547,79.85,1.07,22,2,2,KETOTIFEN,0.332541567695962,0.5961995249406176,0.342042755344418,0.414
CHEMBL1770248,0.0494,0.2444,566,0.4215,96.94,1.076,30,2,1,ERTUGLIFLOZIN,0.18052256532066507,0.4821852731591449,0.7470308788598575,0.4126
CHEMBL142703,0.0109,0.0444,421,0.5356,94.61,1.01,22,0,6,VILDAGLIPTIN,0.7256532066508313,0.1163895486935867,0.2042755344418052,0.4125
CHEMBL2110816,0.01,0.0148,68,0.5523,88.23,0.968,22,2,2,BUTRIPTYLINE,0.7980997624703088,0.11045130641330166,0.08076009501187649,0.4125
CHEMBL2103772,0.0812,0.1185,78,0.4101,90.68,0.857,27,2,0,RACECADOTRIL,0.1377672209026128,0.7660332541567696,0.4679334916864608,0.4088
CHEMBL5315121,0.018,0.1037,655,0.4987,95.0,0.865,28,1,7,TECOVIRIMAT MONOHYDRATE,0.5558194774346793,0.17695961995249407,0.41330166270783847,0.4065
CHEMBL2105760,0.0404,0.1704,458,0.4512,85.59,1.024,31,4,2,BREXPIPRAZOLE,0.31353919239904987,0.38836104513064135,0.5890736342042755,0.4049
CHEMBL1200832,0.0342,0.037,16,0.5057,,0.564,23,2,1,TERBINAFINE HYDROCHLORIDE,0.5938242280285035,0.3182897862232779,0.166270783847981,0.4043
CHEMBL3989861,0.0492,0.0889,121,0.4637,89.53,0.825,28,1,0,DESVENLAFAXINE FUMARATE,0.3752969121140142,0.47743467933491684,0.3681710213776722,0.4042
CHEMBL1018,0.024,0.0296,36,0.5218,74.99,0.773,20,2,0,DIENESTROL,0.669833729216152,0.22446555819477435,0.13657957244655583,0.4029
CHEMBL799,0.0201,0.1556,929,0.4829,88.86,0.79,27,2,1,CILOSTAZOL,0.45486935866983375,0.19477434679334918,0.5558194774346793,0.4021
CHEMBL1201035,0.0107,0.037,339,0.5343,,0.804,24,1,1,BIPERIDEN HYDROCHLORIDE,0.7197149643705463,0.11401425178147269,0.166270783847981,0.3996
CHEMBL1201308,0.0072,0.0074,4,0.5562,80.25,0.633,14,1,0,IOFETAMINE,0.8028503562945368,0.07957244655581948,0.048693586698337295,0.3973
CHEMBL2325741,0.0528,0.2667,583,0.4001,88.83,1.02,30,3,1,CAPIVASERTIB,0.10095011876484561,0.517814726840855,0.7779097387173397,0.3952
CHEMBL190461,0.0311,0.1111,363,0.4814,85.4,0.976,23,1,0,CANNABIDIOL,0.44655581947743467,0.27078384798099764,0.4477434679334917,0.3941
CHEMBL3989866,0.0366,0.3556,1226,0.4144,112.18,0.876,32,2,3,BICTEGRAVIR,0.14726840855106887,0.3491686460807601,0.8919239904988123,0.394
CHEMBL4297592,0.0491,0.2593,613,0.4088,94.35,1.05,34,3,0,AMENAMEVIR,0.12945368171021376,0.4750593824228028,0.7624703087885986,0.3914
CHEMBL100116,0.0349,0.0667,132,0.4879,74.21,0.939,21,1,2,PENTAZOCINE,0.48931116389548696,0.32185273159144895,0.28859857482185275,0.3889
CHEMBL3707395,0.0563,0.0889,90,0.4458,93.96,1.028,27,2,0,ELAFIBRANOR,0.28741092636579574,0.5570071258907363,0.3681710213776722,0.3885
CHEMBL1201303,0.0606,0.1037,110,0.4332,96.1,0.405,29,4,1,PYRVINIUM,0.2327790973871734,0.6009501187648456,0.41330166270783847,0.3884
CHEMBL1628502,0.036,0.0667,124,0.4854,90.03,0.732,23,0,0,GABAPENTIN ENACARBIL,0.47268408551068886,0.34441805225653205,0.28859857482185275,0.3882
CHEMBL3989973,0.0525,0.2963,667,0.3899,,0.601,30,4,1,PEXIDARTINIB HYDROCHLORIDE,0.0665083135391924,0.5130641330166271,0.8171021377672208,0.3881
CHEMBL3545181,0.0183,0.0815,476,0.4969,85.86,0.887,28,2,2,TIOTROPIUM BROMIDE,0.5486935866983373,0.18527315914489312,0.342042755344418,0.388
CHEMBL294199,0.0767,0.163,174,0.3869,73.86,1.09,22,1,0,CAPSAICIN,0.06175771971496437,0.7268408551068883,0.5676959619952494,0.3878
CHEMBL48582,0.0631,0.1037,101,0.429,86.5,0.671,27,2,0,SAFINAMIDE MESYLATE,0.2161520190023753,0.6223277909738717,0.41330166270783847,0.3873
CHEMBL3889654,0.0264,0.363,1767,0.4253,104.13,1.047,31,3,1,LAROTRECTINIB,0.2007125890736342,0.23515439429928742,0.9026128266033254,0.3865
CHEMBL256087,0.0,0.0,108,0.5656,68.45,0.226,11,0,0,MENTHOL,0.831353919239905,0.015439429928741092,0.015439429928741092,0.3826
CHEMBL2107381,0.0265,0.1556,679,0.4625,97.55,1.351,26,1,0,URIDINE TRIACETATE,0.37292161520190026,0.23871733966745842,0.5558194774346793,0.3784
CHEMBL1096146,0.0685,0.2074,302,0.3439,92.41,0.955,31,2,0,PONESIMOD,0.014251781472684086,0.6555819477434679,0.6876484560570071,0.375
CHEMBL820,0.0127,0.0148,24,0.5277,72.7,0.788,14,0,0,BUSULFAN,0.6935866983372921,0.1377672209026128,0.08076009501187649,0.3736
CHEMBL1200588,0.0079,0.1111,1782,0.4918,,1.07,28,0,0,CLINDAMYCIN HYDROCHLORIDE,0.5154394299287411,0.09501187648456057,0.4477434679334917,0.3724
CHEMBL1200934,0.0012,0.0074,680,0.5451,105.59,0.964,27,0,3,NORGESTIMATE,0.7648456057007126,0.030878859857482184,0.048693586698337295,0.3656
CHEMBL1200714,0.0506,0.0667,52,0.4515,76.83,0.766,17,1,0,CHLORMEZANONE,0.3182897862232779,0.497624703087886,0.28859857482185275,0.3647
CHEMBL832,0.0395,0.0667,102,0.4677,98.17,0.691,29,3,0,SULFINPYRAZONE,0.39429928741092635,0.3824228028503563,0.28859857482185275,0.3643
CHEMBL7413,0.0405,0.0444,19,0.4783,91.62,1.082,19,0,0,METHOHEXITAL,0.4311163895486936,0.39429928741092635,0.2042755344418052,0.3634
CHEMBL1123,0.0125,0.0222,108,0.5143,86.39,0.976,22,0,0,DICYCLOMINE,0.6484560570071259,0.1342042755344418,0.11045130641330166,0.3597
CHEMBL220492,0.0277,0.0741,236,0.4837,92.16,0.853,22,0,2,TOPIRAMATE,0.4584323040380047,0.24703087885985747,0.3171021377672209,0.3597
CHEMBL493287,0.0336,0.1259,388,0.4533,76.85,0.374,12,0,0,GLUCOSAMINE,0.32304038004750596,0.30997624703087884,0.47862232779097386,0.358
CHEMBL2105648,0.0476,0.1333,261,0.4288,92.15,0.829,31,3,1,PALOVAROTENE,0.21377672209026127,0.45724465558194777,0.497624703087886,0.3578
CHEMBL1201173,0.0,0.0,550,0.5465,98.14,0.739,25,0,3,MEDRYSONE,0.7731591448931117,0.015439429928741092,0.015439429928741092,0.3564
CHEMBL2107430,0.0682,0.1111,100,0.4017,78.57,1.559,26,4,0,FLUTRIMAZOLE,0.10451306413301663,0.6532066508313539,0.4477434679334917,0.3549
CHEMBL1200610,0.0175,0.0667,389,0.4913,94.12,0.946,25,1,1,LORACARBEF,0.5106888361045131,0.16983372921615203,0.28859857482185275,0.3529
CHEMBL1201165,0.0053,0.037,821,0.5163,98.2,0.776,27,1,3,QUINESTROL,0.6567695961995249,0.0498812351543943,0.166270783847981,0.3521
CHEMBL1945778,0.01,0.037,372,0.5079,77.82,1.094,23,1,1,IOFLUPANE,0.6104513064133017,0.11045130641330166,0.166270783847981,0.3494
CHEMBL1444,0.0486,0.0889,124,0.4395,71.67,0.822,22,3,0,LETROZOLE,0.25653206650831356,0.47149643705463185,0.3681710213776722,0.3489
CHEMBL956,0.0497,0.0593,34,0.4504,74.82,0.694,18,2,0,SUPROFEN,0.30403800475059384,0.48812351543942994,0.25534441805225655,0.3471
CHEMBL315795,0.0576,0.0593,12,0.4365,57.83,0.555,9,1,0,CLOMETHIAZOLE,0.24465558194774348,0.5712589073634204,0.25534441805225655,0.3453
CHEMBL5095401,0.0296,0.1926,770,0.4331,,0.842,33,3,1,IPTACOPAN HYDROCHLORIDE,0.23040380047505937,0.2672209026128266,0.6425178147268409,0.3445
CHEMBL1414320,0.0588,0.1111,135,0.4083,100.73,1.587,32,2,0,SUXIBUZONE,0.12114014251781473,0.5866983372921615,0.4477434679334917,0.3425
CHEMBL1774461,0.041,0.0889,170,0.4451,88.87,0.6,26,2,0,FLORBETAPIR F 18,0.2850356294536817,0.3990498812351544,0.3681710213776722,0.34
CHEMBL408,0.0484,0.1852,406,0.4,90.93,1.336,31,2,1,TROGLITAZONE,0.09738717339667459,0.4667458432304038,0.6199524940617577,0.3388
CHEMBL2443262,0.0387,0.1037,241,0.4415,88.84,0.974,27,2,0,OLICERIDINE,0.2660332541567696,0.3752969121140142,0.41330166270783847,0.3356
CHEMBL4105630,0.009,0.0963,1319,0.4841,99.05,1.058,30,1,3,ZURANOLONE,0.46199524940617576,0.1021377672209026,0.3859857482185273,0.335
CHEMBL56337,0.0355,0.0444,40,0.4717,94.13,0.774,21,1,0,EPALRESTAT,0.40617577197149646,0.332541567695962,0.2042755344418052,0.3336
CHEMBL12713,0.0239,0.1333,636,0.4507,99.08,0.53,31,3,1,SERTINDOLE,0.3087885985748218,0.2209026128266033,0.497624703087886,0.3296
CHEMBL1200374,0.0,0.0,193,0.5329,77.25,0.805,22,0,3,EXEMESTANE,0.7102137767220903,0.015439429928741092,0.015439429928741092,0.3281
CHEMBL1201073,0.0775,0.0815,18,0.373,75.69,0.809,10,0,0,SUCCIMER,0.04275534441805225,0.7410926365795725,0.342042755344418,0.3271
CHEMBL271227,0.0043,0.0222,569,0.511,93.75,0.817,29,1,3,ABIRATERONE ACETATE,0.6318289786223278,0.04275534441805225,0.11045130641330166,0.3248
CHEMBL1570,0.0551,0.1111,152,0.4023,78.32,0.861,25,2,0,SULFOXONE,0.10688836104513064,0.5415676959619953,0.4477434679334917,0.3225
CHEMBL1697760,0.05,0.0963,138,0.4195,82.67,1.098,17,1,0,MUZOLIMINE,0.171021377672209,0.49406175771971494,0.3859857482185273,0.3217
CHEMBL1863513,0.0128,0.0889,817,0.4739,94.17,1.373,31,0,3,INGENOL MEBUTATE,0.4168646080760095,0.14014251781472684,0.3681710213776722,0.3217
CHEMBL1200796,0.0142,0.0148,8,0.5018,70.86,0.707,15,0,0,CYCLOPHOSPHAMIDE,0.5700712589073634,0.14726840855106887,0.08076009501187649,0.3209
CHEMBL566534,0.0097,0.037,383,0.4966,89.72,0.717,21,0,8,ARTEMETHER,0.5463182897862233,0.10688836104513064,0.166270783847981,0.3195
CHEMBL1593719,0.0606,0.0741,40,0.4088,71.71,0.405,11,1,0,PHENICARBAZIDE,0.12945368171021376,0.6009501187648456,0.3171021377672209,0.3178
CHEMBL1200382,0.0439,0.0667,79,0.4404,,0.982,29,2,0,BEPRIDIL HYDROCHLORIDE,0.2589073634204275,0.42755344418052255,0.28859857482185275,0.3169
CHEMBL1200949,0.0526,0.0593,25,0.4302,,0.059,9,1,0,BETAZOLE HYDROCHLORIDE,0.21852731591448932,0.5154394299287411,0.25534441805225655,0.3168
CHEMBL1201286,0.0244,0.0444,117,0.4783,95.35,0.985,25,1,0,OXYPHENONIUM,0.4311163895486936,0.22802850356294538,0.2042755344418052,0.3135
CHEMBL127,0.0081,0.0667,982,0.4849,87.92,0.809,26,0,1,MEROPENEM,0.4679334916864608,0.09857482185273159,0.28859857482185275,0.3123
CHEMBL1477274,0.0216,0.037,101,0.4841,,0.838,18,1,0,MEPTAZINOL HYDROCHLORIDE,0.46199524940617576,0.20546318289786222,0.166270783847981,0.3111
CHEMBL2107826,0.0321,0.2741,1053,0.3784,91.94,0.847,33,3,1,VIBEGRON,0.052256532066508314,0.2850356294536817,0.7909738717339667,0.3068
CHEMBL16,0.0701,0.0815,33,0.3704,82.17,1.008,19,2,0,PHENYTOIN,0.040380047505938245,0.6745843230403801,0.342042755344418,0.3061
CHEMBL1233,0.018,0.0222,35,0.4889,87.71,0.778,18,0,0,CARISOPRODOL,0.498812351543943,0.17695961995249407,0.11045130641330166,0.3052
CHEMBL291657,0.0354,0.2519,860,0.3703,96.81,1.205,33,3,0,CRINECERFONT,0.03800475059382423,0.33016627078384797,0.7529691211401425,0.3044
CHEMBL3545432,0.0386,0.1852,537,0.3931,,1.406,34,1,0,IXAZOMIB CITRATE,0.08076009501187649,0.37173396674584325,0.6199524940617577,0.3029
CHEMBL1670,0.0141,0.0148,9,0.4947,80.8,0.969,18,2,0,MITOTANE,0.5308788598574822,0.14489311163895488,0.08076009501187649,0.3026
CHEMBL75880,0.0,0.0,234,0.5162,73.41,0.921,20,0,0,PERHEXILINE,0.6532066508313539,0.015439429928741092,0.015439429928741092,0.3024
CHEMBL4594217,0.0216,0.237,1378,0.4086,95.25,1.069,32,3,0,CANAGLIFLOZIN,0.12351543942992874,0.20546318289786222,0.7363420427553444,0.3013
CHEMBL1200340,0.02,0.0593,274,0.4699,105.98,0.601,27,0,0,OSELTAMIVIR PHOSPHATE,0.3990498812351544,0.19239904988123516,0.25534441805225655,0.3011
CHEMBL420762,0.0405,0.1704,456,0.3926,91.76,0.918,32,3,1,MOZAVAPTAN,0.07363420427553444,0.39429928741092635,0.5890736342042755,0.2987
CHEMBL431,0.0423,0.0667,87,0.4326,103.5,1.25,31,1,0,SPIRAPRIL,0.22802850356294538,0.41211401425178146,0.28859857482185275,0.2984
CHEMBL1201342,0.0115,0.037,304,0.4857,84.62,0.973,22,2,2,METHIXENE,0.47743467933491684,0.12589073634204276,0.166270783847981,0.2942
CHEMBL1271,0.0,0.0,20,0.5116,76.7,0.812,17,0,0,PENTOLINIUM,0.6342042755344418,0.015439429928741092,0.015439429928741092,0.2939
CHEMBL3989402,0.011,0.0889,972,0.4619,93.91,0.984,26,0,0,PERAMIVIR,0.3681710213776722,0.11995249406175772,0.3681710213776722,0.2937
CHEMBL1200694,0.0429,0.0444,11,0.4375,78.35,0.631,12,0,0,SEVOFLURANE,0.2494061757719715,0.4180522565320665,0.2042755344418052,0.2887
CHEMBL1201345,0.004,0.0074,119,0.5014,81.9,0.615,19,0,0,TETRADECYL SULFURIC ACID,0.5665083135391924,0.03800475059382423,0.048693586698337295,0.2785
CHEMBL1200367,0.0072,0.0074,4,0.4949,80.78,0.731,16,0,0,ECHOTHIOPHATE IODIDE,0.5344418052256532,0.07957244655581948,0.048693586698337295,0.2765
CHEMBL1356238,0.0652,0.0667,12,0.3576,53.94,0.0,8,1,0,PYRITHIONE,0.030878859857482184,0.6306413301662708,0.28859857482185275,0.2752
CHEMBL1201087,0.0225,0.1704,909,0.412,105.03,0.973,33,2,4,CABERGOLINE,0.14014251781472684,0.21140142517814728,0.5890736342042755,0.2738
CHEMBL2110588,0.0314,0.1852,687,0.3929,95.54,1.145,29,1,1,ELIGLUSTAT,0.07838479809976247,0.27434679334916867,0.6199524940617577,0.2726
CHEMBL589586,0.0222,0.0222,3,0.4716,80.97,0.0,9,0,0,MONOMETHYL FUMARATE,0.40380047505938244,0.20902612826603326,0.11045130641330166,0.272
CHEMBL472,0.0358,0.1704,530,0.3781,91.09,1.219,33,2,0,GLYBURIDE,0.0498812351543943,0.33729216152019004,0.5890736342042755,0.2709
CHEMBL1697841,0.0,0.0,1,0.5033,62.36,0.397,10,0,0,ISOMETHEPTENE,0.5819477434679335,0.015439429928741092,0.015439429928741092,0.2704
CHEMBL1431,0.0435,0.0519,33,0.4219,76.66,0.308,9,0,0,METFORMIN,0.18527315914489312,0.42280285035629456,0.23159144893111638,0.2681
CHEMBL1874750,0.0341,0.1037,289,0.4157,94.76,0.723,30,1,0,CINEPAZIDE,0.15320665083135393,0.3147268408551069,0.41330166270783847,0.2667
CHEMBL1286,0.0486,0.0519,16,0.4154,71.67,0.91,12,0,0,LEVETIRACETAM,0.1496437054631829,0.47149643705463185,0.23159144893111638,0.2667
CHEMBL1740513,0.0333,0.037,20,0.4494,66.61,0.574,10,1,0,ISAXONINE,0.2992874109263658,0.2992874109263658,0.166270783847981,0.266
CHEMBL609,0.0,0.0,5,0.4988,72.52,0.398,10,0,0,TRIENTINE,0.5581947743467933,0.015439429928741092,0.015439429928741092,0.2597
CHEMBL673,0.0074,0.0074,1,0.488,61.97,0.755,12,1,0,PARGYLINE,0.4916864608076009,0.08669833729216152,0.048693586698337295,0.2594
CHEMBL421701,0.0267,0.037,57,0.4527,99.66,0.38,28,3,2,DITHIAZANINE IODIDE,0.32066508313539194,0.24228028503562946,0.166270783847981,0.2586
CHEMBL266349,0.0175,0.1111,738,0.4284,90.7,0.977,31,1,0,MELAGATRAN,0.20902612826603326,0.16983372921615203,0.4477434679334917,0.2569
CHEMBL2105827,0.0318,0.037,27,0.4439,63.86,0.638,10,0,0,"GLYCEROL, IODINATED",0.2755344418052256,0.2814726840855107,0.166270783847981,0.25
CHEMBL766,0.0263,0.0593,177,0.4394,104.32,1.336,24,0,0,CILASTATIN,0.25415676959619954,0.2327790973871734,0.25534441805225655,0.248
CHEMBL1201329,0.0066,0.0222,325,0.4804,89.2,1.136,26,2,2,TRIMETHAPHAN,0.4418052256532066,0.06294536817102138,0.11045130641330166,0.2453
CHEMBL1198857,0.0317,0.1481,515,0.3812,83.52,1.154,32,2,0,VILANTEROL,0.057007125890736345,0.27790973871733965,0.5391923990498813,0.2438
CHEMBL1200595,0.0069,0.0074,10,0.4843,,0.574,13,1,0,CHLORPHENTERMINE HYDROCHLORIDE,0.4655581947743468,0.07244655581947744,0.048693586698337295,0.2434
CHEMBL3707313,0.0335,0.1407,452,0.3754,87.62,1.108,34,3,0,TRIFAROTENE,0.04513064133016627,0.30641330166270786,0.5201900237529691,0.2423
CHEMBL1201037,0.0282,0.0296,11,0.4463,,0.81,14,0,0,EFLORNITHINE HYDROCHLORIDE,0.28978622327790976,0.25415676959619954,0.13657957244655583,0.2408
CHEMBL515387,0.0148,0.0667,482,0.4416,89.47,0.887,26,1,0,GOSOGLIPTIN,0.2684085510688836,0.15201900237529692,0.28859857482185275,0.2385
CHEMBL790,0.0277,0.1926,831,0.3266,95.22,0.608,34,2,0,CHLORHEXIDINE,0.007125890736342043,0.24703087885985747,0.6425178147268409,0.2379
CHEMBL1741134,0.0376,0.0593,86,0.4125,84.98,0.844,29,3,0,PICOSULFURIC ACID,0.14251781472684086,0.36104513064133015,0.25534441805225655,0.2363
CHEMBL333826,0.0326,0.1481,498,0.3587,84.91,0.541,34,4,2,DEQUALINIUM,0.0332541567695962,0.28741092636579574,0.5391923990498813,0.236
CHEMBL468837,0.0185,0.0296,85,0.451,85.62,0.983,18,0,0,HEPTABARBITAL,0.31116389548693585,0.1876484560570071,0.13657957244655583,0.2305
CHEMBL6966,0.0462,0.0815,114,0.35,91.11,1.222,33,2,0,VERAPAMIL,0.021377672209026127,0.44061757719714967,0.342042755344418,0.2273
CHEMBL780,0.0125,0.0148,27,0.4596,94.87,1.245,27,0,0,PENTETIC ACID,0.3586698337292161,0.1342042755344418,0.08076009501187649,0.2219
CHEMBL1515611,0.0288,0.0296,8,0.4319,75.63,0.667,11,0,0,BROMISOVALUM,0.2209026128266033,0.25653206650831356,0.13657957244655583,0.2105
CHEMBL489411,0.0093,0.0148,82,0.4586,87.33,0.866,23,1,0,AMOROLFINE,0.3515439429928741,0.10451306413301663,0.08076009501187649,0.2097
CHEMBL1201340,0.0,0.0,1,0.4803,77.08,0.899,21,2,0,DIPHEMANIL,0.43942992874109266,0.015439429928741092,0.015439429928741092,0.2062
CHEMBL1144,0.0054,0.0444,990,0.4496,85.59,1.271,30,0,1,PRAVASTATIN,0.3016627078384798,0.052256532066508314,0.2042755344418052,0.2025
CHEMBL1149,0.037,0.037,5,0.4066,72.36,0.619,11,0,0,LEVOCARNITINE,0.11401425178147269,0.3586698337292161,0.166270783847981,0.2005
CHEMBL5315118,0.0112,0.037,318,0.4431,91.85,0.999,34,0,1,ILOPROST TROMETHAMINE,0.27078384798099764,0.12351543942992874,0.166270783847981,0.2005
CHEMBL254468,0.042,0.0444,14,0.3861,64.8,0.506,9,0,0,FLUCICLOVINE F18,0.05938242280285035,0.40617577197149646,0.2042755344418052,0.1996
CHEMBL1237102,0.0171,0.0519,281,0.423,,1.021,32,2,0,LEVOCABASTINE HYDROCHLORIDE,0.19477434679334918,0.16508313539192399,0.23159144893111638,0.1951
CHEMBL877,0.0042,0.0074,102,0.4645,64.34,0.826,11,0,0,TRANEXAMIC ACID,0.37767220902612825,0.040380047505938245,0.048693586698337295,0.1942
CHEMBL1235452,0.0213,0.0222,9,0.4357,36.88,0.676,8,0,0,SULFUR,0.23515439429928742,0.20190023752969122,0.11045130641330166,0.194
CHEMBL1419,0.0065,0.0074,20,0.4602,73.17,0.867,19,1,0,SIBUTRAMINE,0.36104513064133015,0.05938242280285035,0.048693586698337295,0.1925
CHEMBL964,0.0329,0.037,22,0.4095,67.09,1.04,16,0,0,DISULFIRAM,0.13539192399049882,0.2921615201900237,0.166270783847981,0.1901
CHEMBL1909324,0.0237,0.0741,297,0.3974,80.4,1.276,32,1,3,PINAVERIUM,0.09026128266033254,0.2161520190023753,0.3171021377672209,0.1847
CHEMBL777,0.0367,0.0593,91,0.3561,74.88,0.78,14,0,1,CLAVULANIC ACID,0.026128266033254157,0.3527315914489311,0.25534441805225655,0.1814
CHEMBL2024517,0.0145,0.0815,635,0.4045,,0.687,29,1,0,CARIPRAZINE HYDROCHLORIDE,0.10926365795724466,0.1496437054631829,0.342042755344418,0.1796
CHEMBL272427,0.0047,0.0444,1146,0.436,103.88,1.112,34,0,3,TAURURSODIOL,0.23990498812351543,0.04631828978622328,0.2042755344418052,0.1729
CHEMBL48449,0.0181,0.0222,34,0.4237,82.18,0.857,14,0,2,CANTHARIDIN,0.19714964370546317,0.18052256532066507,0.11045130641330166,0.1705
CHEMBL1908847,0.0026,0.0074,245,0.454,77.36,0.807,17,0,3,SPARTEINE,0.3254156769596199,0.0332541567695962,0.048693586698337295,0.1686
CHEMBL1025,0.0072,0.0074,4,0.4446,64.33,0.652,11,0,0,ISOFLUROPHATE,0.28028503562945367,0.07957244655581948,0.048693586698337295,0.1622
CHEMBL1200666,0.0047,0.0222,509,0.4413,92.71,0.889,30,0,1,CALCIPOTRIENE,0.26365795724465557,0.04631828978622328,0.11045130641330166,0.1602
CHEMBL695,0.021,0.0222,11,0.4157,72.04,0.567,10,0,0,TRIMETHADIONE,0.15320665083135393,0.1995249406175772,0.11045130641330166,0.1564
CHEMBL1201203,0.0066,0.0148,171,0.4363,81.14,0.886,23,2,1,BENZTROPINE,0.24228028503562946,0.06294536817102138,0.08076009501187649,0.1481
CHEMBL1788386,0.0076,0.0148,131,0.4272,92.5,0.78,24,0,1,TETRAMETHRIN,0.20665083135391923,0.09026128266033254,0.08076009501187649,0.1403
CHEMBL523299,0.0121,0.0148,32,0.4211,95.35,0.913,33,3,3,UMECLIDINIUM BROMIDE,0.17814726840855108,0.12826603325415678,0.08076009501187649,0.1388
CHEMBL1576,0.0122,0.0148,31,0.419,73.96,0.803,12,0,0,ETHINAMATE,0.16864608076009502,0.13064133016627077,0.08076009501187649,0.1353
CHEMBL1256,0.029,0.0296,7,0.3779,62.04,0.537,10,0,0,ISOFLURANE,0.047505938242280284,0.26128266033254155,0.13657957244655583,0.1339
CHEMBL671,0.0068,0.0074,12,0.4324,55.73,0.922,11,0,0,THIOTEPA,0.22446555819477435,0.06769596199524941,0.048693586698337295,0.1335
CHEMBL1663,0.029,0.0296,7,0.3457,66.19,0.804,11,0,0,PERFLUTREN,0.0166270783847981,0.26128266033254155,0.13657957244655583,0.12
CHEMBL289480,0.0064,0.0148,181,0.4182,71.78,0.672,13,0,0,RILMENIDINE,0.16508313539192399,0.057007125890736345,0.08076009501187649,0.1116
CHEMBL1200391,0.0265,0.0296,20,0.3419,53.75,0.748,8,0,0,TROMETHAMINE,0.009501187648456057,0.23871733966745842,0.13657957244655583,0.11
CHEMBL1550,0.0153,0.037,196,0.357,94.53,1.214,33,1,1,PHYTONADIONE,0.028503562945368172,0.15676959619952494,0.166270783847981,0.1014
CHEMBL38,0.0068,0.0074,12,0.4129,78.15,0.855,22,0,0,TRETINOIN,0.14489311163895488,0.06769596199524941,0.048693586698337295,0.0977
CHEMBL1200761,0.017,0.0222,44,0.3531,70.54,0.817,27,3,0,CHLOROTRIANISENE,0.023752969121140142,0.16152019002375298,0.11045130641330166,0.0868
CHEMBL168815,0.0138,0.0222,85,0.3631,61.18,0.762,13,0,3,CEVIMELINE,0.035629453681710214,0.14251781472684086,0.11045130641330166,0.0864
CHEMBL606,0.0037,0.0222,677,0.3967,93.66,1.433,27,0,0,MISOPROSTOL,0.0855106888361045,0.035629453681710214,0.11045130641330166,0.0768
CHEMBL2095209,0.0074,0.0074,1,0.3937,70.43,1.154,24,0,0,ICOSAPENT ETHYL,0.0831353919239905,0.08669833729216152,0.048693586698337295,0.0756
CHEMBL15891,0.0,0.0,27,0.4077,61.46,0.988,12,0,0,LINDANE,0.1187648456057007,0.015439429928741092,0.015439429928741092,0.0619
CHEMBL1201317,0.0072,0.0074,4,0.3811,68.65,0.861,10,0,0,TRICLOFOS,0.05463182897862233,0.07957244655581948,0.048693586698337295,0.0606
CHEMBL1410743,0.0069,0.0074,10,0.3265,61.8,0.338,9,0,0,PARALDEHYDE,0.004750593824228029,0.07244655581947744,0.048693586698337295,0.036
CHEMBL267936,0.0,0.0,33,0.3463,56.87,0.905,12,0,1,MECAMYLAMINE,0.019002375296912115,0.015439429928741092,0.015439429928741092,0.017
CHEMBL1569,0.0,0.0,52,0.3426,,0.864,12,0,6,AMANTADINE HYDROCHLORIDE,0.011876484560570071,0.015439429928741092,0.015439429928741092,0.0138
CHEMBL1201270,0.0,0.0,7,0.2336,48.37,0.926,10,0,6,METHENAMINE,0.0023752969121140144,0.015439429928741092,0.015439429928741092,0.0096
