chembl_id,shape_tanimoto,o3a_score,planarity,heavy_atoms,aromatic_rings,fused_rings,name
CHEMBL276520,0.7215,97.0,0.355,17,2,1,INDALPINE
CHEMBL550495,0.6771,111.15,0.135,24,3,2,METHYLENE BLUE
CHEMBL3181841,0.674,,0.608,22,3,2,RAMOSETRON HYDROCHLORIDE
CHEMBL1398126,0.6711,,0.013,18,1,0,AMILORIDE HYDROCHLORIDE
CHEMBL19236,0.6707,105.58,0.366,16,1,0,MOXONIDINE
CHEMBL1201774,0.6632,111.19,0.408,17,1,1,SAPROPTERIN
CHEMBL1279,0.6575,95.79,0.285,18,2,2,FROVATRIPTAN
CHEMBL802,0.6459,84.37,0.397,15,1,0,MINOXIDIL
CHEMBL550755,0.6434,,0.49,20,2,1,FORODESINE HYDROCHLORIDE
CHEMBL420,0.6379,95.92,0.206,14,1,0,GUANABENZ
CHEMBL585,0.6336,105.16,0.502,19,3,1,TRIAMTERENE
CHEMBL1475,0.6299,91.79,0.0,17,3,2,TRIOXSALEN
CHEMBL885,0.6299,99.69,0.503,16,1,0,EMTRICITABINE
CHEMBL184,0.6217,104.65,0.359,16,2,1,ACYCLOVIR
CHEMBL1256400,0.6184,,0.8,19,1,0,XYLOMETAZOLINE HYDROCHLORIDE
CHEMBL1626223,0.6175,83.12,0.417,14,1,0,PYRANTEL
CHEMBL1200778,0.6168,,0.839,20,0,0,DEXRAZOXANE HYDROCHLORIDE
CHEMBL3182733,0.6151,,0.617,17,1,1,PRAMIPEXOLE DIHYDROCHLORIDE
CHEMBL1983350,0.615,86.03,0.629,17,1,1,STIRIPENTOL
CHEMBL1159,0.6134,85.06,0.645,18,1,0,PINACIDIL ANHYDROUS
CHEMBL3140361,0.6129,,0.637,16,0,0,ETHAMBUTOL HYDROCHLORIDE
CHEMBL53292,0.6123,101.79,0.502,23,2,1,ISOXICAM
CHEMBL4594300,0.6102,,0.714,27,1,3,FOSDENOPTERIN HYDROBROMIDE
CHEMBL110,0.6085,91.27,0.533,19,2,0,BENZNIDAZOLE
CHEMBL295124,0.6075,106.11,0.316,25,3,4,BERBERINE
CHEMBL1200330,0.6068,,0.741,16,1,0,PILOCARPINE HYDROCHLORIDE
CHEMBL3237547,0.6061,93.66,0.709,18,0,0,CEDAZURIDINE
CHEMBL2106829,0.6054,,0.743,20,3,1,METHAQUALONE HYDROCHLORIDE
CHEMBL6068337,0.6042,,0.72,21,1,1,LENALIDOMIDE HYDROCHLORIDE MONOHYDRATE
CHEMBL2105675,0.6037,115.46,0.627,33,3,1,TAFAMIDIS MEGLUMINE
CHEMBL3989571,0.6014,,0.606,30,0,2,SPECTINOMYCIN HYDROCHLORIDE
CHEMBL1218,0.5972,91.2,0.715,19,1,2,RAMELTEON
CHEMBL1698,0.5959,,0.689,17,1,0,BUPROPION HYDROCHLORIDE
CHEMBL1289,0.5946,79.75,0.0,14,1,0,HALOPROGIN
CHEMBL1585,0.5943,75.82,0.432,16,0,0,PIPOBROMAN
CHEMBL578767,0.5936,92.65,0.545,16,1,0,FLUMEXADOL
CHEMBL1319139,0.5935,,0.726,19,1,0,BROMHEXINE HYDROCHLORIDE
CHEMBL1200379,0.5934,,0.7,16,1,0,APRACLONIDINE HYDROCHLORIDE
CHEMBL65375,0.5921,,0.542,17,1,0,TIPIRACIL HYDROCHLORIDE
CHEMBL3137326,0.5912,102.16,0.701,23,1,2,DEUTETRABENAZINE
CHEMBL607710,0.5902,87.63,0.482,16,1,0,CHLORPHENESIN CARBAMATE
CHEMBL1301,0.59,94.37,0.427,21,2,0,HYDROXYSTILBAMIDINE
CHEMBL21536,0.5899,94.96,0.795,19,1,0,XANOMELINE
CHEMBL1294,0.5898,97.17,0.773,24,2,4,QUINIDINE
CHEMBL278819,0.5891,102.0,0.898,22,2,0,MINAPRINE
CHEMBL93,0.5862,101.02,0.962,16,2,1,ZILEUTON
CHEMBL1770,0.5854,,0.592,15,1,1,LEVAMISOLE HYDROCHLORIDE
CHEMBL1580,0.5826,103.8,0.613,19,1,1,PENTOSTATIN
CHEMBL594,0.5814,112.64,0.728,22,2,1,EMEDASTINE
CHEMBL2205807,0.5803,84.91,0.009,14,2,0,ABAMETAPIR
CHEMBL2355333,0.5781,,0.379,22,2,0,ZIMELDINE HYDROCHLORIDE
CHEMBL30,0.576,99.66,0.549,17,1,0,CIMETIDINE
CHEMBL2106195,0.5756,,0.871,16,2,0,DEXMEDETOMIDINE HYDROCHLORIDE
CHEMBL71752,0.5752,106.68,0.872,26,2,6,VINPOCETINE
CHEMBL1367605,0.5744,,0.811,22,2,0,RITODRINE HYDROCHLORIDE
CHEMBL3137329,0.5744,,0.626,25,2,7,PEFICITINIB HYDROBROMIDE
CHEMBL746,0.574,114.0,0.64,27,3,2,NEDOCROMIL
CHEMBL1200907,0.5735,91.1,0.622,24,0,4,TRILOSTANE
CHEMBL2105689,0.573,98.99,1.097,21,2,0,LULICONAZOLE
CHEMBL1763,0.5729,98.48,0.673,20,1,1,HYDROFLUMETHIAZIDE
CHEMBL4802240,0.5724,88.17,0.838,20,1,0,FOSCARBIDOPA
CHEMBL1200863,0.5718,,0.536,20,1,0,MELPHALAN HYDROCHLORIDE
CHEMBL1303,0.5717,103.95,1.014,22,2,1,ROTIGOTINE
CHEMBL857,0.5716,81.79,0.967,16,0,1,BIOTIN
CHEMBL460,0.571,91.16,0.621,20,1,1,MOLINDONE
CHEMBL2107387,0.5707,,0.765,22,2,0,VORTIOXETINE HYDROBROMIDE
CHEMBL20,0.5693,90.98,0.497,13,1,0,ACETAZOLAMIDE
CHEMBL1200604,0.5692,94.64,1.142,21,2,0,TROPICAMIDE
CHEMBL4650215,0.5684,113.86,0.677,29,2,2,INAVOLISIB
CHEMBL311498,0.5683,88.92,0.552,21,2,1,CIANIDANOL
CHEMBL1094966,0.5664,90.78,0.599,17,1,0,PIRBUTEROL
CHEMBL256087,0.5656,68.45,0.226,11,0,0,MENTHOL
CHEMBL1201288,0.5653,100.45,0.125,23,2,0,DANTROLENE
CHEMBL1709,0.5652,,0.765,21,2,1,SERTRALINE HYDROCHLORIDE
CHEMBL715,0.5638,98.5,0.657,22,2,2,OLANZAPINE
CHEMBL476960,0.5619,93.77,0.667,18,0,0,VOGLIBOSE
CHEMBL1908307,0.5617,94.97,0.347,16,2,1,FLOSEQUINAN
CHEMBL1624126,0.5603,106.6,0.823,22,2,1,XANTHINOL
CHEMBL1200521,0.5603,105.85,0.766,32,2,1,ALMOTRIPTAN MALATE
CHEMBL779,0.5599,107.03,0.946,29,3,4,TADALAFIL
CHEMBL1201266,0.5594,96.14,0.0,21,1,0,LODOXAMIDE
CHEMBL338975,0.5577,98.78,0.66,30,2,2,PHYSOSTIGMINE SALICYLATE
CHEMBL902,0.557,88.3,0.537,20,1,0,FAMOTIDINE
CHEMBL1201308,0.5562,80.25,0.633,14,1,0,IOFETAMINE
CHEMBL3301605,0.5534,97.27,0.914,24,0,1,RELEBACTAM
CHEMBL2110816,0.5523,88.23,0.968,22,2,2,BUTRIPTYLINE
CHEMBL513,0.5521,77.58,0.742,12,0,0,CARMUSTINE
CHEMBL1201093,0.549,,0.406,11,0,0,METHYL AMINOLEVULINATE HYDROCHLORIDE
CHEMBL500,0.5487,89.17,0.814,18,2,1,PINDOLOL
CHEMBL689,0.5482,85.01,0.512,12,0,0,MANNITOL
CHEMBL19449,0.5477,100.57,0.617,17,2,1,IBUDILAST
CHEMBL105,0.5476,101.1,1.267,24,0,3,MITOMYCIN
CHEMBL515408,0.5473,109.59,0.588,24,2,1,MARIBAVIR
CHEMBL1465,0.5472,98.44,0.978,21,3,1,PHENPROCOUMON
CHEMBL1200411,0.5471,,0.72,20,1,1,ROPINIROLE HYDROCHLORIDE
CHEMBL622,0.5465,100.31,0.801,21,2,2,ETODOLAC
CHEMBL1201173,0.5465,98.14,0.739,25,0,3,MEDRYSONE
CHEMBL181,0.5453,81.53,0.475,14,1,1,DIAZOXIDE
CHEMBL1516474,0.5452,115.61,0.766,30,2,1,TEGASEROD MALEATE
CHEMBL1200934,0.5451,105.59,0.964,27,0,3,NORGESTIMATE
CHEMBL1483,0.5443,108.73,0.452,18,2,1,ALBENDAZOLE
CHEMBL1697744,0.5442,97.72,0.734,15,0,0,ERDOSTEINE
CHEMBL476,0.5436,90.57,0.147,13,1,0,DACARBAZINE
CHEMBL499,0.542,94.17,0.659,21,1,0,TIMOLOL
CHEMBL456,0.5417,79.59,0.779,19,1,0,ETHACRYNIC ACID
CHEMBL1329455,0.5399,94.35,0.438,17,1,0,MOLSIDOMINE
CHEMBL436,0.5397,89.13,1.012,24,2,1,TOLRESTAT
CHEMBL162036,0.5396,90.53,0.586,23,2,0,BENORILATE
CHEMBL744,0.5391,80.81,0.403,15,2,1,RILUZOLE
CHEMBL1561,0.5384,84.95,0.848,14,0,0,MIGLITOL
CHEMBL58510,0.5376,94.43,1.043,32,2,1,CHLOROQUINE PHOSPHATE
CHEMBL550348,0.5373,108.44,0.584,28,4,0,DEFERASIROX
CHEMBL211471,0.5371,85.88,0.638,22,1,0,NEOSTIGMINE METHYLSULFATE
CHEMBL1108,0.5365,129.66,0.734,28,3,1,DROPERIDOL
CHEMBL1200819,0.5361,,0.901,20,1,0,ARTICAINE HYDROCHLORIDE
CHEMBL142703,0.5356,94.61,1.01,22,0,6,VILDAGLIPTIN
CHEMBL223448,0.5356,76.93,0.0,13,2,1,BROXYQUINOLINE
CHEMBL750,0.5351,91.05,0.553,14,2,1,ZONISAMIDE
CHEMBL1201035,0.5343,,0.804,24,1,1,BIPERIDEN HYDROCHLORIDE
CHEMBL1789941,0.5337,99.56,1.092,23,3,1,RUXOLITINIB
CHEMBL4298149,0.5335,110.16,0.689,34,1,0,ARIMOCLOMOL CITRATE
CHEMBL542541,0.5332,,0.269,13,2,1,HYDRALAZINE HYDROCHLORIDE
CHEMBL1200374,0.5329,77.25,0.805,22,0,3,EXEMESTANE
CHEMBL1201080,0.5317,,0.876,22,2,0,TRIMETHOPRIM HYDROCHLORIDE
CHEMBL1076903,0.531,77.4,0.652,16,2,3,VARENICLINE
CHEMBL122,0.5305,101.18,0.677,22,2,0,ROFECOXIB
CHEMBL535650,0.5288,,0.694,27,2,1,MEFLOQUINE HYDROCHLORIDE
CHEMBL197084,0.5279,101.59,0.928,22,0,0,TROFINETIDE
CHEMBL57,0.5278,96.32,0.788,20,2,2,NEVIRAPINE
CHEMBL820,0.5277,72.7,0.788,14,0,0,BUSULFAN
CHEMBL847,0.5255,88.82,0.762,20,1,1,OXAMNIQUINE
CHEMBL443052,0.5248,,0.131,11,1,1,TAVABOROLE
CHEMBL1555,0.5247,,0.599,22,1,4,GALANTAMINE HYDROBROMIDE
CHEMBL2105720,0.5247,84.84,1.196,24,3,1,LESINURAD
CHEMBL2105420,0.5235,82.8,0.886,17,0,0,TAUROLIDINE
CHEMBL1094636,0.5233,112.57,0.506,24,3,1,NIRAPARIB
CHEMBL4458276,0.5225,86.88,0.805,21,1,1,ENMETAZOBACTAM
CHEMBL814,0.5221,95.53,0.876,22,1,0,FLUVOXAMINE
CHEMBL19490,0.5219,90.49,1.044,20,2,0,ZOMEPIRAC
CHEMBL1018,0.5218,74.99,0.773,20,2,0,DIENESTROL
CHEMBL3286830,0.5209,114.36,0.956,30,3,3,LORLATINIB
CHEMBL1201102,0.5195,,0.609,25,2,2,TRIFLUPROMAZINE HYDROCHLORIDE
CHEMBL469,0.5178,92.29,0.739,19,2,1,KETOROLAC
CHEMBL2062163,0.517,111.14,0.747,24,1,0,PHENDIMETRAZINE TARTRATE
CHEMBL1413,0.5163,76.76,0.524,15,1,0,CICLOPIROX
CHEMBL1201165,0.5163,98.2,0.776,27,1,3,QUINESTROL
CHEMBL75880,0.5162,73.41,0.921,20,0,0,PERHEXILINE
CHEMBL196,0.5155,89.18,0.563,12,0,0,ASCORBIC ACID
CHEMBL1123,0.5143,86.39,0.976,22,0,0,DICYCLOMINE
CHEMBL1695,0.5124,,0.647,26,2,0,TIAGABINE HYDROCHLORIDE
CHEMBL1200821,0.5124,73.24,0.889,16,1,0,PROPYLIODONE
CHEMBL328560,0.5123,83.38,0.835,18,1,0,SULTHIAME
CHEMBL4585668,0.5121,108.57,1.303,26,2,1,BELZUTIFAN
CHEMBL1057,0.5119,85.61,1.077,25,3,3,FLUORESCEIN
CHEMBL1271,0.5116,76.7,0.812,17,0,0,PENTOLINIUM
CHEMBL271227,0.511,93.75,0.817,29,1,3,ABIRATERONE ACETATE
CHEMBL1434513,0.5109,84.89,0.78,23,1,0,NOREPINEPHRINE BITARTRATE
CHEMBL748,0.5109,68.84,0.0,11,1,0,PRALIDOXIME CHLORIDE
CHEMBL1079604,0.5103,87.0,0.623,16,1,0,METAXALONE
CHEMBL2107834,0.51,112.85,0.709,31,4,1,RIOCIGUAT
CHEMBL588,0.5099,85.86,0.661,21,2,1,FENOLDOPAM
CHEMBL159226,0.5099,73.79,0.883,20,1,0,MOXISYLYTE
CHEMBL4297610,0.5082,100.71,1.121,25,3,1,OLUTASIDENIB
CHEMBL56021,0.5079,85.5,0.652,12,0,0,LEVACETYLLEUCINE
CHEMBL1219,0.5079,103.25,0.552,25,3,1,RABEPRAZOLE
CHEMBL1945778,0.5079,77.82,1.094,23,1,1,IOFLUPANE
CHEMBL24924,0.5077,94.25,0.734,18,2,1,FLUINDIONE
CHEMBL1200979,0.5077,86.67,0.903,14,0,0,DEXPANTHENOL
CHEMBL453,0.5064,86.19,0.793,18,2,0,SULFISOXAZOLE
CHEMBL220491,0.5061,91.49,0.77,23,1,1,BRINZOLAMIDE
CHEMBL1201174,0.5058,102.55,0.724,34,2,1,SITAGLIPTIN PHOSPHATE
CHEMBL1200832,0.5057,,0.564,23,2,1,TERBINAFINE HYDROCHLORIDE
CHEMBL1521,0.5054,87.71,1.029,23,3,1,ZALEPLON
CHEMBL2043437,0.5052,111.0,0.596,28,3,1,GLASDEGIB
CHEMBL3545253,0.5043,84.74,0.408,20,4,2,FLORTAUCIPIR F 18
CHEMBL1173055,0.5041,100.79,0.522,24,3,3,RUCAPARIB
CHEMBL1697841,0.5033,62.36,0.397,10,0,0,ISOMETHEPTENE
CHEMBL70927,0.503,75.01,0.0,10,1,0,DEFERIPRONE
CHEMBL198362,0.503,118.37,0.371,29,2,0,RIVAROXABAN
CHEMBL2110372,0.5027,,0.725,22,1,0,RANITIDINE HYDROCHLORIDE
CHEMBL535,0.5022,115.66,0.93,29,2,1,SUNITINIB
CHEMBL1200796,0.5018,70.86,0.707,15,0,0,CYCLOPHOSPHAMIDE
CHEMBL1004,0.5014,90.52,0.969,20,2,0,DOXYLAMINE
CHEMBL1201345,0.5014,81.9,0.615,19,0,0,TETRADECYL SULFURIC ACID
CHEMBL742,0.5,81.78,1.023,16,1,0,KETAMINE
CHEMBL1201754,0.499,79.72,0.725,17,2,0,RUFINAMIDE
CHEMBL609,0.4988,72.52,0.398,10,0,0,TRIENTINE
CHEMBL5315121,0.4987,95.0,0.865,28,1,7,TECOVIRIMAT MONOHYDRATE
CHEMBL1201753,0.4982,100.96,0.791,31,3,1,PITAVASTATIN
CHEMBL1542,0.498,89.59,0.841,19,3,1,AZATHIOPRINE
CHEMBL3545181,0.4969,85.86,0.887,28,2,2,TIOTROPIUM BROMIDE
CHEMBL566534,0.4966,89.72,0.717,21,0,8,ARTEMETHER
CHEMBL1201346,0.4964,94.83,0.442,26,2,0,BALSALAZIDE
CHEMBL1657,0.4959,88.04,0.466,25,2,1,TAZAROTENE
CHEMBL2110636,0.4959,83.88,0.84,22,1,0,BUNAMIODYL
CHEMBL32479,0.495,95.32,0.967,22,3,2,BROTIZOLAM
CHEMBL1200367,0.4949,80.78,0.731,16,0,0,ECHOTHIOPHATE IODIDE
CHEMBL1670,0.4947,80.8,0.969,18,2,0,MITOTANE
CHEMBL308954,0.4947,97.67,0.82,28,3,0,ETRAVIRINE
CHEMBL1086440,0.494,84.61,0.849,21,3,1,TRICLABENDAZOLE
CHEMBL345714,0.4939,85.18,0.0,11,1,0,ACIPIMOX
CHEMBL3039502,0.4938,116.05,1.34,30,5,2,DUVELISIB
CHEMBL2105684,0.4925,107.46,0.829,32,3,1,SELUMETINIB SULFATE
CHEMBL1200781,0.4923,,0.932,25,2,1,CITALOPRAM HYDROBROMIDE
CHEMBL1200588,0.4918,,1.07,28,0,0,CLINDAMYCIN HYDROCHLORIDE
CHEMBL2109882,0.4916,,0.909,11,0,0,TRISILICATE
CHEMBL1200610,0.4913,94.12,0.946,25,1,1,LORACARBEF
CHEMBL911,0.491,101.6,0.587,23,3,1,ZOLPIDEM
CHEMBL2107175,0.4903,92.49,1.319,23,1,0,RANELIC ACID
CHEMBL3608680,0.4894,90.07,0.864,25,3,1,FEZOLINETANT
CHEMBL3545185,0.4889,104.83,0.941,31,3,0,SELINEXOR
CHEMBL1233,0.4889,87.71,0.778,18,0,0,CARISOPRODOL
CHEMBL4101807,0.4889,94.64,0.926,25,3,0,VOXELOTOR
CHEMBL1201773,0.4885,,0.885,27,2,1,PRASUGREL HYDROCHLORIDE
CHEMBL673,0.488,61.97,0.755,12,1,0,PARGYLINE
CHEMBL100116,0.4879,74.21,0.939,21,1,2,PENTAZOCINE
CHEMBL1200328,0.4878,,1.028,22,3,1,DULOXETINE HYDROCHLORIDE
CHEMBL1289926,0.4871,104.39,1.134,28,4,1,AXITINIB
CHEMBL924,0.487,80.49,0.908,16,1,0,ZOLEDRONIC ACID ANHYDROUS
CHEMBL290106,0.4863,73.47,0.858,19,2,0,BITHIONOL
CHEMBL1201342,0.4857,84.62,0.973,22,2,2,METHIXENE
CHEMBL1628502,0.4854,90.03,0.732,23,0,0,GABAPENTIN ENACARBIL
CHEMBL1055,0.4854,90.16,1.036,22,2,1,CHLORTHALIDONE
CHEMBL488093,0.4854,85.5,0.909,24,2,0,PYRITINOL
CHEMBL127,0.4849,87.92,0.809,26,0,1,MEROPENEM
CHEMBL1200595,0.4843,,0.574,13,1,0,CHLORPHENTERMINE HYDROCHLORIDE
CHEMBL1477274,0.4841,,0.838,18,1,0,MEPTAZINOL HYDROCHLORIDE
CHEMBL4105630,0.4841,99.05,1.058,30,1,3,ZURANOLONE
CHEMBL220492,0.4837,92.16,0.853,22,0,2,TOPIRAMATE
CHEMBL4297528,0.4829,106.06,0.359,30,4,2,RISDIPLAM
CHEMBL799,0.4829,88.86,0.79,27,2,1,CILOSTAZOL
CHEMBL1106,0.4821,93.9,0.626,19,2,3,EPINASTINE
CHEMBL1200751,0.4821,67.93,0.003,11,2,1,MERCAPTOPURINE
CHEMBL190461,0.4814,85.4,0.976,23,1,0,CANNABIDIOL
CHEMBL1518,0.4809,73.1,0.414,11,1,0,PROPYLTHIOURACIL
CHEMBL1201329,0.4804,89.2,1.136,26,2,2,TRIMETHAPHAN
CHEMBL1201340,0.4803,77.08,0.899,21,2,0,DIPHEMANIL
CHEMBL1082407,0.4788,104.28,1.025,32,2,0,ENZALUTAMIDE
CHEMBL483254,0.4786,98.5,0.884,26,3,1,PANOBINOSTAT
CHEMBL1201286,0.4783,95.35,0.985,25,1,0,OXYPHENONIUM
CHEMBL7413,0.4783,91.62,1.082,19,0,0,METHOHEXITAL
CHEMBL4297526,0.4768,93.12,1.097,28,3,2,REMIMAZOLAM
CHEMBL3261331,0.4764,107.47,0.933,29,3,0,RESMETIROM
CHEMBL1201131,0.4754,87.93,0.887,24,1,1,PIPERONYL BUTOXIDE
CHEMBL1719,0.475,,1.221,26,2,2,OLOPATADINE HYDROCHLORIDE
CHEMBL1863513,0.4739,94.17,1.373,31,0,3,INGENOL MEBUTATE
CHEMBL56367,0.4739,94.84,0.792,21,2,0,NIMESULIDE
CHEMBL3707246,0.4731,,0.438,31,3,1,OZANIMOD HYDROCHLORIDE
CHEMBL473417,0.4721,96.1,0.649,27,3,0,VISMODEGIB
CHEMBL3643413,0.4721,108.23,0.936,32,2,1,LENIOLISIB
CHEMBL56337,0.4717,94.13,0.774,21,1,0,EPALRESTAT
CHEMBL589586,0.4716,80.97,0.0,9,0,0,MONOMETHYL FUMARATE
CHEMBL1449,0.4712,95.05,1.223,25,1,1,TICARCILLIN
CHEMBL1200340,0.4699,105.98,0.601,27,0,0,OSELTAMIVIR PHOSPHATE
CHEMBL1292,0.4679,106.63,0.91,33,5,2,CLOFAZIMINE
CHEMBL832,0.4677,98.17,0.691,29,3,0,SULFINPYRAZONE
CHEMBL3989908,0.4676,117.8,0.528,33,3,0,ENASIDENIB
CHEMBL3348923,0.4675,110.61,0.828,32,3,0,TOVORAFENIB
CHEMBL12856,0.4661,73.84,0.574,14,2,0,INAMRINONE
CHEMBL1214124,0.4658,95.15,0.95,27,4,0,PERAMPANEL
CHEMBL1172,0.4653,81.98,0.931,22,2,2,DESLORATADINE
CHEMBL1631694,0.4646,77.72,0.97,19,2,0,FEXINIDAZOLE
CHEMBL877,0.4645,64.34,0.826,11,0,0,TRANEXAMIC ACID
CHEMBL3989861,0.4637,89.53,0.825,28,1,0,DESVENLAFAXINE FUMARATE
CHEMBL2107381,0.4625,97.55,1.351,26,1,0,URIDINE TRIACETATE
CHEMBL1455,0.4623,86.8,0.209,15,1,0,ALTRETAMINE
CHEMBL3989402,0.4619,93.91,0.984,26,0,0,PERAMIVIR
CHEMBL1111,0.4611,106.13,1.423,28,3,0,AMBRISENTAN
CHEMBL937,0.4609,92.4,1.004,27,0,0,DIETHYLCARBAMAZINE CITRATE
CHEMBL1419,0.4602,73.17,0.867,19,1,0,SIBUTRAMINE
CHEMBL780,0.4596,94.87,1.245,27,0,0,PENTETIC ACID
CHEMBL601719,0.4589,99.81,0.885,30,3,0,CRIZOTINIB
CHEMBL169901,0.4588,78.99,0.317,13,1,1,DEBRISOQUIN
CHEMBL489411,0.4586,87.33,0.866,23,1,0,AMOROLFINE
CHEMBL1441,0.4582,70.15,0.536,11,1,0,ETHIONAMIDE
CHEMBL1089318,0.458,102.58,1.038,27,3,0,OPICAPONE
CHEMBL119423,0.4579,74.92,0.0,10,2,1,TISOPURINE
CHEMBL431770,0.4566,103.05,0.498,28,3,1,ISTRADEFYLLINE
CHEMBL4650216,0.4565,,1.353,33,4,1,DARIDOREXANT HYDROCHLORIDE
CHEMBL193240,0.4562,92.59,1.004,26,2,0,ROFLUMILAST
CHEMBL1232131,0.4555,75.54,0.505,12,1,0,DOBESILIC ACID
CHEMBL534,0.4547,79.85,1.07,22,2,2,KETOTIFEN
CHEMBL1201281,0.4545,97.81,1.083,27,1,0,CHLORAMPHENICOL SUCCINIC ACID
CHEMBL231779,0.4544,111.37,0.411,34,3,1,APIXABAN
CHEMBL1908847,0.454,77.36,0.807,17,0,3,SPARTEINE
CHEMBL493287,0.4533,76.85,0.374,12,0,0,GLUCOSAMINE
CHEMBL421701,0.4527,99.66,0.38,28,3,2,DITHIAZANINE IODIDE
CHEMBL1200714,0.4515,76.83,0.766,17,1,0,CHLORMEZANONE
CHEMBL1372950,0.4513,101.12,0.957,31,3,4,NICERGOLINE
CHEMBL2105760,0.4512,85.59,1.024,31,4,2,BREXPIPRAZOLE
CHEMBL468837,0.451,85.62,0.983,18,0,0,HEPTABARBITAL
CHEMBL12713,0.4507,99.08,0.53,31,3,1,SERTINDOLE
CHEMBL1648,0.4505,92.81,1.203,27,2,1,ISRADIPINE
CHEMBL956,0.4504,74.82,0.694,18,2,0,SUPROFEN
CHEMBL1144,0.4496,85.59,1.271,30,0,1,PRAVASTATIN
CHEMBL1740513,0.4494,66.61,0.574,10,1,0,ISAXONINE
CHEMBL1201794,0.4482,107.93,0.839,31,3,2,RIBOFLAVIN 5'-PHOSPHATE
CHEMBL2079130,0.448,89.97,1.178,24,3,0,VONOPRAZAN
CHEMBL2105743,0.447,,1.02,29,2,1,OLODATEROL HYDROCHLORIDE
CHEMBL1201037,0.4463,,0.81,14,0,0,EFLORNITHINE HYDROCHLORIDE
CHEMBL3707395,0.4458,93.96,1.028,27,2,0,ELAFIBRANOR
CHEMBL1774461,0.4451,88.87,0.6,26,2,0,FLORBETAPIR F 18
CHEMBL4303214,0.445,103.14,0.982,29,4,2,FRUQUINTINIB
CHEMBL1025,0.4446,64.33,0.652,11,0,0,ISOFLUROPHATE
CHEMBL1200770,0.4443,81.38,1.303,20,1,0,IOCETAMIC ACID
CHEMBL2105827,0.4439,63.86,0.638,10,0,0,"GLYCEROL, IODINATED"
CHEMBL1201733,0.4434,,1.006,32,4,1,PAZOPANIB HYDROCHLORIDE
CHEMBL5315118,0.4431,91.85,0.999,34,0,1,ILOPROST TROMETHAMINE
CHEMBL515387,0.4416,89.47,0.887,26,1,0,GOSOGLIPTIN
CHEMBL2443262,0.4415,88.84,0.974,27,2,0,OLICERIDINE
CHEMBL1200666,0.4413,92.71,0.889,30,0,1,CALCIPOTRIENE
CHEMBL4071161,0.4406,132.43,0.468,34,4,1,TIRABRUTINIB
CHEMBL1200382,0.4404,,0.982,29,2,0,BEPRIDIL HYDROCHLORIDE
CHEMBL1444,0.4395,71.67,0.822,22,3,0,LETROZOLE
CHEMBL766,0.4394,104.32,1.336,24,0,0,CILASTATIN
CHEMBL1148,0.4377,94.32,1.14,24,2,0,TORSEMIDE
CHEMBL1200694,0.4375,78.35,0.631,12,0,0,SEVOFLURANE
CHEMBL204656,0.4372,94.29,1.036,31,3,1,ELVITEGRAVIR
CHEMBL315795,0.4365,57.83,0.555,9,1,0,CLOMETHIAZOLE
CHEMBL1201203,0.4363,81.14,0.886,23,2,1,BENZTROPINE
CHEMBL272427,0.436,103.88,1.112,34,0,3,TAURURSODIOL
CHEMBL634,0.4358,95.5,0.948,30,2,0,ALFENTANIL
CHEMBL1235452,0.4357,36.88,0.676,8,0,0,SULFUR
CHEMBL1201303,0.4332,96.1,0.405,29,4,1,PYRVINIUM
CHEMBL5095401,0.4331,,0.842,33,3,1,IPTACOPAN HYDROCHLORIDE
CHEMBL431,0.4326,103.5,1.25,31,1,0,SPIRAPRIL
CHEMBL215303,0.4324,97.69,0.886,31,3,2,GARENOXACIN
CHEMBL671,0.4324,55.73,0.922,11,0,0,THIOTEPA
CHEMBL1515611,0.4319,75.63,0.667,11,0,0,BROMISOVALUM
CHEMBL1200949,0.4302,,0.059,9,1,0,BETAZOLE HYDROCHLORIDE
CHEMBL48582,0.429,86.5,0.671,27,2,0,SAFINAMIDE MESYLATE
CHEMBL2105648,0.4288,92.15,0.829,31,3,1,PALOVAROTENE
CHEMBL254316,0.4287,111.55,1.189,32,3,0,RALTEGRAVIR
CHEMBL266349,0.4284,90.7,0.977,31,1,0,MELAGATRAN
CHEMBL1788386,0.4272,92.5,0.78,24,0,1,TETRAMETHRIN
CHEMBL111,0.4266,101.76,0.79,30,3,0,RIMONABANT
CHEMBL3889654,0.4253,104.13,1.047,31,3,1,LAROTRECTINIB
CHEMBL4299940,0.4253,96.71,1.099,32,3,1,MITAPIVAT
CHEMBL1201001,0.4242,,0.362,9,0,0,MECHLORETHAMINE HYDROCHLORIDE
CHEMBL48449,0.4237,82.18,0.857,14,0,2,CANTHARIDIN
CHEMBL1237102,0.423,,1.021,32,2,0,LEVOCABASTINE HYDROCHLORIDE
CHEMBL223228,0.4228,84.06,1.048,21,1,1,EFAVIRENZ
CHEMBL185,0.4223,67.06,0.0,9,1,0,FLUOROURACIL
CHEMBL2396661,0.4223,112.71,0.916,30,2,0,ALPELISIB
CHEMBL1431,0.4219,76.66,0.308,9,0,0,METFORMIN
CHEMBL4435170,0.4218,107.87,0.755,31,3,0,DEUCRAVACITINIB
CHEMBL1770248,0.4215,96.94,1.076,30,2,1,ERTUGLIFLOZIN
CHEMBL523299,0.4211,95.35,0.913,33,3,3,UMECLIDINIUM BROMIDE
CHEMBL1417019,0.4209,,0.379,34,2,2,MITOXANTRONE HYDROCHLORIDE
CHEMBL707,0.4202,100.78,0.643,33,3,2,DOXAZOSIN
CHEMBL1697760,0.4195,82.67,1.098,17,1,0,MUZOLIMINE
CHEMBL1576,0.419,73.96,0.803,12,0,0,ETHINAMATE
CHEMBL289480,0.4182,71.78,0.672,13,0,0,RILMENIDINE
CHEMBL298470,0.4182,93.98,1.428,33,3,1,TAFENOQUINE
CHEMBL107,0.4175,90.9,1.019,29,2,2,COLCHICINE
CHEMBL514800,0.4172,110.72,1.632,32,2,1,APREMILAST
CHEMBL1208422,0.4163,89.16,1.243,33,4,2,ROSE BENGAL FREE ACID
CHEMBL1874750,0.4157,94.76,0.723,30,1,0,CINEPAZIDE
CHEMBL695,0.4157,72.04,0.567,10,0,0,TRIMETHADIONE
CHEMBL1286,0.4154,71.67,0.91,12,0,0,LEVETIRACETAM
CHEMBL3989866,0.4144,112.18,0.876,32,2,3,BICTEGRAVIR
CHEMBL38,0.4129,78.15,0.855,22,0,0,TRETINOIN
CHEMBL1741134,0.4125,84.98,0.844,29,3,0,PICOSULFURIC ACID
CHEMBL1201087,0.412,105.03,0.973,33,2,4,CABERGOLINE
CHEMBL591,0.4114,54.12,0.639,9,0,0,ETHCHLORVYNOL
CHEMBL2103772,0.4101,90.68,0.857,27,2,0,RACECADOTRIL
CHEMBL964,0.4095,67.09,1.04,16,0,0,DISULFIRAM
CHEMBL1593719,0.4088,71.71,0.405,11,1,0,PHENICARBAZIDE
CHEMBL4297592,0.4088,94.35,1.05,34,3,0,AMENAMEVIR
CHEMBL1229517,0.4088,97.24,1.335,33,4,1,VEMURAFENIB
CHEMBL2103873,0.4088,105.3,0.723,32,3,0,MACITENTAN
CHEMBL4594217,0.4086,95.25,1.069,32,3,0,CANAGLIFLOZIN
CHEMBL1414320,0.4083,100.73,1.587,32,2,0,SUXIBUZONE
CHEMBL15891,0.4077,61.46,0.988,12,0,0,LINDANE
CHEMBL3188267,0.4067,102.48,0.938,31,5,2,CAPMATINIB
CHEMBL1149,0.4066,72.36,0.619,11,0,0,LEVOCARNITINE
CHEMBL3545376,0.4063,98.05,0.912,33,4,1,ERDAFITINIB
CHEMBL2024517,0.4045,,0.687,29,1,0,CARIPRAZINE HYDROCHLORIDE
CHEMBL1570,0.4023,78.32,0.861,25,2,0,SULFOXONE
CHEMBL2107430,0.4017,78.57,1.559,26,4,0,FLUTRIMAZOLE
CHEMBL4297185,0.4001,86.16,0.585,28,3,0,DAROLUTAMIDE
CHEMBL2325741,0.4001,88.83,1.02,30,3,1,CAPIVASERTIB
CHEMBL408,0.4,90.93,1.336,31,2,1,TROGLITAZONE
CHEMBL4594250,0.3977,101.66,1.304,34,4,1,NETARSUDIL
CHEMBL4216467,0.3976,97.93,1.134,33,4,1,RIPRETINIB
CHEMBL1909324,0.3974,80.4,1.276,32,1,3,PINAVERIUM
CHEMBL760,0.3971,86.42,0.0,16,1,2,ANAGRELIDE
CHEMBL606,0.3967,93.66,1.433,27,0,0,MISOPROSTOL
CHEMBL2095209,0.3937,70.43,1.154,24,0,0,ICOSAPENT ETHYL
CHEMBL3545432,0.3931,,1.406,34,1,0,IXAZOMIB CITRATE
CHEMBL2110588,0.3929,95.54,1.145,29,1,1,ELIGLUSTAT
CHEMBL1725,0.3928,91.02,1.326,32,1,0,IOPROMIDE
CHEMBL420762,0.3926,91.76,0.918,32,3,1,MOZAVAPTAN
CHEMBL1213252,0.3924,80.75,1.046,22,2,1,CLORAZEPIC ACID
CHEMBL2364608,0.3904,94.94,1.141,29,3,0,DORAVIRINE
CHEMBL3989973,0.3899,,0.601,30,4,1,PEXIDARTINIB HYDROCHLORIDE
CHEMBL1200955,0.387,,1.366,32,1,1,MYCOPHENOLATE MOFETIL HYDROCHLORIDE
CHEMBL294199,0.3869,73.86,1.09,22,1,0,CAPSAICIN
CHEMBL254468,0.3861,64.8,0.506,9,0,0,FLUCICLOVINE F18
CHEMBL1198857,0.3812,83.52,1.154,32,2,0,VILANTEROL
CHEMBL1201317,0.3811,68.65,0.861,10,0,0,TRICLOFOS
CHEMBL2107826,0.3784,91.94,0.847,33,3,1,VIBEGRON
CHEMBL472,0.3781,91.09,1.219,33,2,0,GLYBURIDE
CHEMBL1256,0.3779,62.04,0.537,10,0,0,ISOFLURANE
CHEMBL3707313,0.3754,87.62,1.108,34,3,0,TRIFAROTENE
CHEMBL1201073,0.373,75.69,0.809,10,0,0,SUCCIMER
CHEMBL16,0.3704,82.17,1.008,19,2,0,PHENYTOIN
CHEMBL291657,0.3703,96.81,1.205,33,3,0,CRINECERFONT
CHEMBL168815,0.3631,61.18,0.762,13,0,3,CEVIMELINE
CHEMBL333826,0.3587,84.91,0.541,34,4,2,DEQUALINIUM
CHEMBL1356238,0.3576,53.94,0.0,8,1,0,PYRITHIONE
CHEMBL1550,0.357,94.53,1.214,33,1,1,PHYTONADIONE
CHEMBL777,0.3561,74.88,0.78,14,0,1,CLAVULANIC ACID
CHEMBL1200761,0.3531,70.54,0.817,27,3,0,CHLOROTRIANISENE
CHEMBL6966,0.35,91.11,1.222,33,2,0,VERAPAMIL
CHEMBL267936,0.3463,56.87,0.905,12,0,1,MECAMYLAMINE
CHEMBL2095207,0.3463,53.16,0.628,8,0,0,CHOLINE C-11
CHEMBL1663,0.3457,66.19,0.804,11,0,0,PERFLUTREN
CHEMBL1096146,0.3439,92.41,0.955,31,2,0,PONESIMOD
CHEMBL1569,0.3426,,0.864,12,0,6,AMANTADINE HYDROCHLORIDE
CHEMBL1200391,0.3419,53.75,0.748,8,0,0,TROMETHAMINE
CHEMBL790,0.3266,95.22,0.608,34,2,0,CHLORHEXIDINE
CHEMBL1410743,0.3265,61.8,0.338,9,0,0,PARALDEHYDE
CHEMBL1201270,0.2336,48.37,0.926,10,0,6,METHENAMINE
