chembl_id,best_dG,error
CHEMBL535650,-11.387,""
CHEMBL1173055,-11.289,""
CHEMBL3545253,-11.184,""
CHEMBL3989973,-11.138,""
CHEMBL799,-10.901,""
CHEMBL1475,-10.833,""
CHEMBL1108,-10.609,""
CHEMBL4650215,-10.537,""
CHEMBL1200374,-10.515,""
CHEMBL3181841,-10.341,""
CHEMBL2105743,-10.297,""
CHEMBL311498,-10.257,""
CHEMBL1279,-10.244,""
CHEMBL483254,-10.232,""
CHEMBL1089318,-10.123,""
CHEMBL1521,-10.105,""
CHEMBL469,-10.1,""
CHEMBL162036,-10.054,""
CHEMBL1201174,-10.042,""
CHEMBL1201753,-10.013,""
CHEMBL1788386,-9.997,""
CHEMBL1301,-9.939,""
CHEMBL276520,-9.923,""
CHEMBL585,-9.882,""
CHEMBL1201773,-9.825,""
CHEMBL550495,-9.804,""
CHEMBL4297610,-9.783,""
CHEMBL3137329,-9.748,""
CHEMBL3137326,-9.734,""
CHEMBL75880,-9.7,""
CHEMBL1516474,-9.677,""
CHEMBL1200832,-9.644,""
CHEMBL4101807,-9.628,""
CHEMBL1367605,-9.613,""
CHEMBL1201346,-9.607,""
CHEMBL436,-9.566,""
CHEMBL215303,-9.545,""
CHEMBL24924,-9.532,""
CHEMBL1789941,-9.526,""
CHEMBL1201288,-9.525,""
CHEMBL295124,-9.485,""
CHEMBL2103772,-9.481,""
CHEMBL1086440,-9.474,""
CHEMBL48582,-9.463,""
CHEMBL2107387,-9.45,""
CHEMBL1218,-9.439,""
CHEMBL1201173,-9.406,""
CHEMBL190461,-9.4,""
CHEMBL1018,-9.385,""
CHEMBL2106829,-9.375,""
CHEMBL847,-9.371,""
CHEMBL1219,-9.308,""
CHEMBL1200521,-9.295,""
CHEMBL760,-9.293,""
CHEMBL193240,-9.264,""
CHEMBL1148,-9.264,""
CHEMBL6068337,-9.256,""
CHEMBL1303,-9.249,""
CHEMBL1200328,-9.236,""
CHEMBL1465,-9.211,""
CHEMBL294199,-9.143,""
CHEMBL1670,-9.123,""
CHEMBL622,-9.092,""
CHEMBL2079130,-9.085,""
CHEMBL56337,-9.083,""
CHEMBL53292,-9.064,""
CHEMBL1444,-9.05,""
CHEMBL3261331,-9.044,""
CHEMBL578767,-9.028,""
CHEMBL453,-9.027,""
CHEMBL1200411,-9.007,""
CHEMBL278819,-8.994,""
CHEMBL1201035,-8.98,""
CHEMBL3608680,-8.974,""
CHEMBL634,-8.973,""
CHEMBL1294,-8.973,""
CHEMBL122,-8.956,""
CHEMBL956,-8.94,""
CHEMBL2106195,-8.929,""
CHEMBL4105630,-8.921,""
CHEMBL832,-8.916,""
CHEMBL2105689,-8.902,""
CHEMBL1201281,-8.852,""
CHEMBL911,-8.85,""
CHEMBL1200907,-8.839,""
CHEMBL1200604,-8.83,""
CHEMBL38,-8.826,""
CHEMBL488093,-8.811,""
CHEMBL58510,-8.807,""
CHEMBL110,-8.786,""
CHEMBL1763,-8.78,""
CHEMBL4298149,-8.742,""
CHEMBL1094636,-8.726,""
CHEMBL1550,-8.723,""
CHEMBL1697760,-8.693,""
CHEMBL746,-8.665,""
CHEMBL1413,-8.657,""
CHEMBL56367,-8.645,""
CHEMBL1076903,-8.634,""
CHEMBL2205807,-8.623,""
CHEMBL169901,-8.62,""
CHEMBL290106,-8.614,""
CHEMBL456,-8.588,""
CHEMBL1908307,-8.558,""
CHEMBL2105760,-8.541,""
CHEMBL5315118,-8.537,""
CHEMBL489411,-8.523,""
CHEMBL1201102,-8.51,""
CHEMBL1229517,-8.502,""
CHEMBL1319139,-8.489,""
CHEMBL1570,-8.453,""
CHEMBL2095209,-8.45,""
CHEMBL1983350,-8.423,""
CHEMBL3188267,-8.393,""
CHEMBL1200778,-8.371,""
CHEMBL1372950,-8.363,""
CHEMBL460,-8.356,""
CHEMBL3989861,-8.317,""
CHEMBL1079604,-8.307,""
CHEMBL4299940,-8.305,""
CHEMBL12856,-8.3,""
CHEMBL3545185,-8.288,""
CHEMBL1483,-8.262,""
CHEMBL204656,-8.245,""
CHEMBL1419,-8.241,""
CHEMBL1631694,-8.239,""
CHEMBL3707246,-8.23,""
CHEMBL2355333,-8.225,""
CHEMBL159226,-8.221,""
CHEMBL742,-8.215,""
CHEMBL16,-8.201,""
CHEMBL744,-8.2,""
CHEMBL21536,-8.197,""
CHEMBL19449,-8.157,""
CHEMBL550755,-8.143,""
CHEMBL814,-8.103,""
CHEMBL181,-8.083,""
CHEMBL2110588,-8.082,""
CHEMBL500,-8.058,""
CHEMBL1201131,-8.049,""
CHEMBL1201266,-7.999,""
CHEMBL606,-7.996,""
CHEMBL1201165,-7.985,""
CHEMBL542541,-7.952,""
CHEMBL19490,-7.921,""
CHEMBL2110816,-7.899,""
CHEMBL2105684,-7.89,""
CHEMBL420,-7.879,""
CHEMBL1698,-7.862,""
CHEMBL1201345,-7.861,""
CHEMBL93,-7.859,""
CHEMBL3039502,-7.852,""
CHEMBL1593719,-7.851,""
CHEMBL3301605,-7.837,""
CHEMBL1774461,-7.821,""
CHEMBL802,-7.818,""
CHEMBL1123,-7.788,""
CHEMBL1106,-7.777,""
CHEMBL4585668,-7.773,""
CHEMBL766,-7.743,""
CHEMBL431770,-7.718,""
CHEMBL298470,-7.707,""
CHEMBL1200340,-7.704,""
CHEMBL2325741,-7.693,""
CHEMBL550348,-7.677,""
CHEMBL2105720,-7.671,""
CHEMBL5315121,-7.668,""
CHEMBL184,-7.668,""
CHEMBL1909324,-7.653,""
CHEMBL3989402,-7.65,""
CHEMBL1201203,-7.649,""
CHEMBL2364608,-7.645,""
CHEMBL1580,-7.644,""
CHEMBL1770248,-7.625,""
CHEMBL223448,-7.615,""
CHEMBL338975,-7.61,""
CHEMBL1201754,-7.606,""
CHEMBL3237547,-7.602,""
CHEMBL328560,-7.598,""
CHEMBL1398126,-7.585,""
CHEMBL1289,-7.584,""
CHEMBL535,-7.58,""
CHEMBL1200955,-7.567,""
CHEMBL1201774,-7.565,""
CHEMBL607710,-7.546,""
CHEMBL1201087,-7.535,""
CHEMBL1201286,-7.52,""
CHEMBL1624126,-7.518,""
CHEMBL3989908,-7.504,""
CHEMBL1628502,-7.502,""
CHEMBL2110372,-7.459,""
CHEMBL750,-7.453,""
CHEMBL1201794,-7.448,""
CHEMBL1200379,-7.418,""
CHEMBL1201080,-7.411,""
CHEMBL4297185,-7.408,""
CHEMBL2107381,-7.4,""
CHEMBL4303214,-7.356,""
CHEMBL857,-7.33,""
CHEMBL1417019,-7.329,""
CHEMBL885,-7.296,""
CHEMBL902,-7.294,""
CHEMBL2107175,-7.292,""
CHEMBL1874750,-7.291,""
CHEMBL1657,-7.288,""
CHEMBL473417,-7.275,""
CHEMBL408,-7.262,""
CHEMBL57,-7.26,""
CHEMBL2107826,-7.258,""
CHEMBL65375,-7.251,""
CHEMBL1449,-7.246,""
CHEMBL1201308,-7.241,""
CHEMBL1626223,-7.24,""
CHEMBL1004,-7.239,""
CHEMBL1200819,-7.232,""
CHEMBL1082407,-7.232,""
CHEMBL1289926,-7.215,""
CHEMBL1055,-7.196,""
CHEMBL272427,-7.176,""
CHEMBL308954,-7.154,""
CHEMBL1200863,-7.151,""
CHEMBL19236,-7.136,""
CHEMBL3545376,-7.135,""
CHEMBL1094966,-7.107,""
CHEMBL4802240,-7.075,""
CHEMBL1200761,-7.073,""
CHEMBL1200610,-7.07,""
CHEMBL1770,-7.038,""
CHEMBL1200595,-7.036,""
CHEMBL499,-7.023,""
CHEMBL1233,-7.01,""
CHEMBL1585,-7.007,""
CHEMBL256087,-6.998,""
CHEMBL1200330,-6.994,""
CHEMBL30,-6.962,""
CHEMBL6966,-6.957,""
CHEMBL142703,-6.942,""
CHEMBL211471,-6.925,""
CHEMBL1555,-6.923,""
CHEMBL2024517,-6.913,""
CHEMBL1144,-6.908,""
CHEMBL514800,-6.893,""
CHEMBL1329455,-6.887,""
CHEMBL1200382,-6.864,""
CHEMBL197084,-6.85,""
CHEMBL1201329,-6.837,""
CHEMBL289480,-6.818,""
CHEMBL468837,-6.797,""
CHEMBL673,-6.797,""
CHEMBL1200821,-6.789,""
CHEMBL1200714,-6.762,""
CHEMBL472,-6.724,""
CHEMBL1542,-6.706,""
CHEMBL3707395,-6.699,""
CHEMBL3182733,-6.694,""
CHEMBL1292,-6.675,""
CHEMBL3989866,-6.653,""
CHEMBL1198857,-6.631,""
CHEMBL566534,-6.62,""
CHEMBL877,-6.605,""
CHEMBL20,-6.585,""
CHEMBL1455,-6.56,""
CHEMBL105,-6.538,""
CHEMBL7413,-6.512,""
CHEMBL1232131,-6.493,""
CHEMBL1695,-6.443,""
CHEMBL1414320,-6.419,""
CHEMBL476,-6.409,""
CHEMBL333826,-6.387,""
CHEMBL4594250,-6.361,""
CHEMBL4458276,-6.358,""
CHEMBL1441,-6.341,""
CHEMBL1709,-6.335,""
CHEMBL1518,-6.329,""
CHEMBL1256400,-6.328,""
CHEMBL70927,-6.326,""
CHEMBL2105420,-6.288,""
CHEMBL266349,-6.213,""
CHEMBL780,-6.204,""
CHEMBL1561,-6.199,""
CHEMBL1477274,-6.196,""
CHEMBL1213252,-6.19,""
CHEMBL1286,-6.182,""
CHEMBL1515611,-6.148,""
CHEMBL515408,-6.142,""
CHEMBL777,-6.141,""
CHEMBL1697841,-6.125,""
CHEMBL2443262,-6.101,""
CHEMBL1271,-6.095,""
CHEMBL1697744,-5.997,""
CHEMBL48449,-5.954,""
CHEMBL601719,-5.949,""
CHEMBL1576,-5.948,""
CHEMBL4594217,-5.946,""
CHEMBL1200694,-5.946,""
CHEMBL1200796,-5.94,""
CHEMBL2107834,-5.924,""
CHEMBL254316,-5.917,""
CHEMBL56021,-5.909,""
CHEMBL1111,-5.908,""
CHEMBL119423,-5.907,""
CHEMBL790,-5.887,""
CHEMBL748,-5.88,""
CHEMBL345714,-5.878,""
CHEMBL964,-5.857,""
CHEMBL523299,-5.844,""
CHEMBL196,-5.833,""
CHEMBL1663,-5.798,""
CHEMBL168815,-5.767,""
CHEMBL1648,-5.763,""
CHEMBL223228,-5.761,""
CHEMBL1200666,-5.719,""
CHEMBL1200751,-5.707,""
CHEMBL820,-5.689,""
CHEMBL1201342,-5.635,""
CHEMBL3140361,-5.608,""
CHEMBL185,-5.602,""
CHEMBL431,-5.595,""
CHEMBL513,-5.559,""
CHEMBL476960,-5.541,""
CHEMBL1025,-5.531,""
CHEMBL1945778,-5.53,""
CHEMBL220492,-5.517,""
CHEMBL71752,-5.455,""
CHEMBL1200979,-5.44,""
CHEMBL924,-5.431,""
CHEMBL127,-5.417,""
CHEMBL4435170,-5.405,""
CHEMBL1410743,-5.399,""
CHEMBL1740513,-5.367,""
CHEMBL1256,-5.347,""
CHEMBL1159,-5.278,""
CHEMBL1569,-5.264,""
CHEMBL5095401,-5.244,""
CHEMBL1200781,-5.22,""
CHEMBL2105827,-5.218,""
CHEMBL315795,-5.209,""
CHEMBL591,-5.203,""
CHEMBL1356238,-5.201,""
CHEMBL267936,-5.185,""
CHEMBL937,-5.169,""
CHEMBL100116,-5.153,""
CHEMBL2043437,-5.129,""
CHEMBL1201317,-5.091,""
CHEMBL1200367,-5.081,""
CHEMBL493287,-5.075,""
CHEMBL1201093,-5.063,""
CHEMBL1431,-5.061,""
CHEMBL594,-5.06,""
CHEMBL695,-5.051,""
CHEMBL715,-5.05,""
CHEMBL515387,-5.042,""
CHEMBL1908847,-5.016,""
CHEMBL2105675,-4.983,""
CHEMBL589586,-4.979,""
CHEMBL1200949,-4.929,""
CHEMBL1201037,-4.912,""
CHEMBL3643413,-4.875,""
CHEMBL1719,-4.874,""
CHEMBL1434513,-4.872,""
CHEMBL254468,-4.87,""
CHEMBL1200770,-4.778,""
CHEMBL1201340,-4.745,""
CHEMBL2396661,-4.664,""
CHEMBL689,-4.647,""
CHEMBL1201073,-4.636,""
CHEMBL1096146,-4.608,""
CHEMBL271227,-4.594,""
CHEMBL1741134,-4.589,""
CHEMBL3989571,-4.525,""
CHEMBL2062163,-4.519,""
CHEMBL1149,-4.514,""
CHEMBL1200934,-4.471,""
CHEMBL12713,-4.398,""
CHEMBL32479,-4.391,""
CHEMBL15891,-4.377,""
CHEMBL4594300,-4.341,""
CHEMBL2103873,-4.325,""
CHEMBL2105648,-4.294,""
CHEMBL220491,-4.243,""
CHEMBL3348923,-4.156,""
CHEMBL609,-4.141,""
CHEMBL1200588,-4.032,""
CHEMBL1201001,-3.989,""
CHEMBL3545181,-3.864,""
CHEMBL291657,-3.737,""
CHEMBL588,-3.702,""
CHEMBL671,-3.616,""
CHEMBL1200391,-3.612,""
CHEMBL1201270,-3.575,""
CHEMBL198362,-3.433,""
CHEMBL2095207,-3.308,""
CHEMBL2110636,-3.296,""
CHEMBL111,-3.158,""
CHEMBL4297528,-3.012,""
CHEMBL1235452,-3.001,""
CHEMBL421701,-2.864,""
CHEMBL107,-2.705,""
CHEMBL4650216,-2.439,""
CHEMBL3707313,-2.185,""
CHEMBL1172,-1.865,""
CHEMBL3889654,-1.635,""
CHEMBL1863513,-1.574,""
CHEMBL4216467,-1.175,""
CHEMBL231779,-0.788,""
CHEMBL420762,-0.689,""
CHEMBL707,-0.391,""
CHEMBL4297592,-0.327,""
CHEMBL1057,-0.114,""
CHEMBL4071161,-0.025,""
CHEMBL1201303,0.439,""
CHEMBL1725,0.899,""
CHEMBL1237102,1.122,""
CHEMBL1214124,2.318,""
CHEMBL534,2.566,""
CHEMBL779,2.602,""
CHEMBL1201733,2.63,""
CHEMBL2107430,2.982,""
CHEMBL4297526,3.798,""
CHEMBL3286830,6.67,""
CHEMBL1208422,30.231,""
CHEMBL2109882,,"PDBQT failed"
CHEMBL443052,,"PDBQT failed"
CHEMBL3545432,,"PDBQT failed"
